tool	community	skew	rank	Bray-Curtis distance	Completeness	F1 score	False negatives	False positives	Jaccard index	L1 norm error	Purity	Shannon diversity	Shannon equitability	Sum of abundances	Taxon counts	True positives
SingleM	sample0	high_skew	kingdom	0.000666400010884445	1	1	0	0	1	0.00133280002176889	1					2
SingleM	sample0	low_skew	kingdom	0.00231594402958632	1	1	0	0	1	0.00463188805917264	1					2
SingleM	sample4	high_skew	kingdom	0	1	1	0	0	1	0	1					1
SingleM	sample4	low_skew	kingdom	0.00778809393773896	1	1	0	0	1	0.0155761878754779	1					2
SingleM	sample5	high_skew	kingdom	0	1	1	0	0	1	0	1					1
SingleM	sample5	low_skew	kingdom	0.00715572566582985	1	0.666666666666667	0	1	0.5	0.0143114513316597	0.5					1
SingleM dev	sample0	high_skew	kingdom	0.0144139773356561	1	1	0	0	1	0.0288279546713122	1					2
SingleM dev	sample0	low_skew	kingdom	0.000256103445400148	1	1	0	0	1	0.000512206890800295	1					2
SingleM dev	sample4	high_skew	kingdom	0.00459176352417846	1	0.666666666666667	0	1	0.5	0.00918352704835692	0.5					1
SingleM dev	sample4	low_skew	kingdom	0.00506560182544208	1	1	0	0	1	0.0101312036508842	1					2
SingleM dev	sample5	high_skew	kingdom	0.00870214699934467	1	0.666666666666667	0	1	0.5	0.0174042939986893	0.5					1
SingleM dev	sample5	low_skew	kingdom	0.0462060255154895	1	0.666666666666667	0	1	0.5	0.0924120510309791	0.5					1
SingleM inject	sample0	high_skew	kingdom	0.000907652830905299	1	1	0	0	1	0.0018153056618106	1					2
SingleM inject	sample0	low_skew	kingdom	0.00231515607464742	1	1	0	0	1	0.00463031214929485	1					2
SingleM inject	sample4	high_skew	kingdom	0	1	1	0	0	1	0	1					1
SingleM inject	sample4	low_skew	kingdom	0.00779461969138336	1	1	0	0	1	0.0155892393827667	1					2
SingleM inject	sample5	high_skew	kingdom	0	1	1	0	0	1	0	1					1
SingleM inject	sample5	low_skew	kingdom	0.00727059640593798	1	0.666666666666667	0	1	0.5	0.014541192811876	0.5					1
SingleM joint	sample0	high_skew	kingdom	0.00364726434352736	1	1	0	0	1	0.00729452868705472	1					2
SingleM joint	sample0	low_skew	kingdom	0.0013199243690649	1	1	0	0	1	0.00263984873812981	1					2
SingleM joint	sample4	high_skew	kingdom	0	1	1	0	0	1	0	1					1
SingleM joint	sample4	low_skew	kingdom	0.00329740971828326	1	1	0	0	1	0.00659481943656652	1					2
SingleM joint	sample5	high_skew	kingdom	0	1	1	0	0	1	0	1					1
SingleM joint	sample5	low_skew	kingdom	0	1	1	0	0	1	0	1					1
SingleM nnls	sample0	high_skew	kingdom	0.0102600824712688	1	1	0	0	1	0.0205201649425377	1					2
SingleM nnls	sample0	low_skew	kingdom	0.00280368227306169	1	1	0	0	1	0.00560736454612337	1					2
SingleM nnls	sample4	high_skew	kingdom	0	1	1	0	0	1	0	1					1
SingleM nnls	sample4	low_skew	kingdom	0.0049704142011834	1	1	0	0	1	0.0099408284023668	1					2
SingleM nnls	sample5	high_skew	kingdom	0	1	1	0	0	1	0	1					1
SingleM nnls	sample5	low_skew	kingdom	0	1	1	0	0	1	0	1					1
sylph	sample0	high_skew	kingdom	0.0130655982536074	1	1	0	0	1	0.0261311965072148	1					2
sylph	sample0	low_skew	kingdom	0.00736807869296008	1	1	0	0	1	0.0147361573859202	1					2
sylph	sample4	high_skew	kingdom	0	1	1	0	0	1	0	1					1
sylph	sample4	low_skew	kingdom	0.04	0.5	0.666666666666667	1	0	0.5	0.08	1					1
sylph	sample5	high_skew	kingdom	0	1	1	0	0	1	0	1					1
sylph	sample5	low_skew	kingdom	0	1	1	0	0	1	0	1					1
SingleM	sample0	high_skew	phylum	0.0120729097795678	1	1	0	0	1	0.0239623371795762	1	1.58517702013217	0.618014938782643	0.984802141082011	13	13
SingleM	sample0	low_skew	phylum	0.0269040492862806	0.9375	0.967741935483871	1	0	0.9375	0.0529739849705794	1	1.56349074220359	0.577349246172479	0.968996726362411	15	15
SingleM	sample4	high_skew	phylum	0.0420416197975253	1	1	0	0	1	0.0837535014005601	1	1.7249954649589	0.829547467617385	0.992156862745098	8	8
SingleM	sample4	low_skew	phylum	0.0550060762027307	1	1	0	0	1	0.105062807209175	1	1.99663320851175	0.832660721742722	0.9100218459858	11	11
SingleM	sample5	high_skew	phylum	0.00733266699676287	0.857142857142857	0.923076923076923	1	0	0.857142857142857	0.0146352257713079	1	0.825228950951863	0.460569046863973	0.99589396024241	6	6
SingleM	sample5	low_skew	phylum	0.00867090389599704	1	1	0	0	1	0.0171997091361387	1	0.857912476659109	0.440879799653444	0.983612013515567	7	7
SingleM dev	sample0	high_skew	phylum	0.148609885260371	0.538461538461538	0.7	6	0	0.538461538461538	0.258764768033811	1	1.04847949879816	0.538811876441043	0.74123523196619	7	7
SingleM dev	sample0	low_skew	phylum	0.209388659361715	0.4375	0.608695652173913	9	0	0.4375	0.346271908109714	1	0.952306356137732	0.489388657847358	0.653728091890287	7	7
SingleM dev	sample4	high_skew	phylum	0.254206784846576	0.875	0.933333333333333	1	0	0.875	0.405366623618884	1	1.10064235910426	0.565618283885611	0.594633376381117	7	7
SingleM dev	sample4	low_skew	phylum	0.356417448495986	0.818181818181818	0.9	2	0	0.818181818181818	0.525527666856817	1	1.17957343141693	0.536847003981257	0.474472333143183	9	9
SingleM dev	sample5	high_skew	phylum	0.811249099957308	0.428571428571429	0.545454545454545	4	1	0.375	0.89709623094864	0.75	0.342566321402016	0.247109366531132	0.105820926021181	4	3
SingleM dev	sample5	low_skew	phylum	0.0890166442579628	0.714285714285714	0.833333333333333	2	0	0.714285714285714	0.163480778236621	1	0.734348358824913	0.456276289474435	0.836519221763379	5	5
SingleM inject	sample0	high_skew	phylum	0.00926337933209903	1	1	0	0	1	0.0184661182318348	1	1.59432596546769	0.621581849493339	0.99345374617737	13	13
SingleM inject	sample0	low_skew	phylum	0.0264213432190259	0.9375	0.967741935483871	1	0	0.9375	0.0520044991188713	1	1.56444118440378	0.57770021536788	0.96827612766572	15	15
SingleM inject	sample4	high_skew	phylum	0.0419631556743074	1	1	0	0	1	0.0835971424569267	1	1.72502635147341	0.829562320891159	0.992155764112621	8	8
SingleM inject	sample4	low_skew	phylum	0.0655430233382989	1	1	0	0	1	0.126172333743001	1	2.00474207297227	0.836042380880427	0.925030725112659	11	11
SingleM inject	sample5	high_skew	phylum	0.00712601619230099	1	1	0	0	1	0.0142262675306241	1	0.829004075564221	0.426023820250221	0.996384395813511	7	7
SingleM inject	sample5	low_skew	phylum	0.00876825664921085	1	1	0	0	1	0.0173911242004098	1	0.857716141304218	0.440778903240016	0.983418699539891	7	7
SingleM joint	sample0	high_skew	phylum	0.0203598266850895	1	1	0	0	1	0.040719653370179	1	1.61443649625806	0.629422367175244	1	13	13
SingleM joint	sample0	low_skew	phylum	0.0726055631732441	0.8125	0.896551724137931	3	0	0.8125	0.145211126346488	1	1.40836266925323	0.549080107627175	1	13	13
SingleM joint	sample4	high_skew	phylum	0.0394680249009621	1	1	0	0	1	0.0789360498019242	1	1.77157256474002	0.851946317908458	1	8	8
SingleM joint	sample4	low_skew	phylum	0.151937984496124	0.909090909090909	0.952380952380952	1	0	0.909090909090909	0.303875968992248	1	2.07463999688949	0.901004702584884	1	10	10
SingleM joint	sample5	high_skew	phylum	0.00847957923823406	1	1	0	0	1	0.0169591584764681	1	0.83167087014428	0.427394281564354	1	7	7
SingleM joint	sample5	low_skew	phylum	0.0402695170465733	1	1	0	0	1	0.0805390340931466	1	0.793273846902233	0.407662114968333	1	7	7
SingleM nnls	sample0	high_skew	phylum	0.0259328375117296	1	1	0	0	1	0.0518656750234592	1	1.61607111255804	0.630059657067624	1	13	13
SingleM nnls	sample0	low_skew	phylum	0.0768714235494727	0.8125	0.896551724137931	3	0	0.8125	0.153742847098945	1	1.38328596297718	0.539303420924531	1	13	13
SingleM nnls	sample4	high_skew	phylum	0.0461302681992337	1	1	0	0	1	0.0922605363984673	1	1.76901809492287	0.850717877596023	1	8	8
SingleM nnls	sample4	low_skew	phylum	0.153885601577909	0.909090909090909	0.952380952380952	1	0	0.909090909090909	0.307771203155819	1	2.07973170595356	0.903216003734867	1	10	10
SingleM nnls	sample5	high_skew	phylum	0.0120279499297644	1	1	0	0	1	0.0240558998595288	1	0.82153067106359	0.422183250065488	1	7	7
SingleM nnls	sample5	low_skew	phylum	0.0420584329273776	1	1	0	0	1	0.0841168658547551	1	0.784552366214972	0.40318016050014	1	7	7
sylph	sample0	high_skew	phylum	0.027296531503102	1	1	0	0	1	0.054593063006204	1	1.5479466474029	0.603499887005514	1	13	13
sylph	sample0	low_skew	phylum	0.484244107839068	0.5	0.666666666666667	8	0	0.5	0.968488215678137	1	1.13186062242578	0.544309902317055	1	8	8
sylph	sample4	high_skew	phylum	0.107259475218659	1	1	0	0	1	0.214518950437318	1	1.71028649308771	0.822473947359007	1	8	8
sylph	sample4	low_skew	phylum	0.32296461587504	0.545454545454545	0.705882352941176	5	0	0.545454545454545	0.64592923175008	1	1.69483316331845	0.945904398679493	1	6	6
sylph	sample5	high_skew	phylum	0.00974821876844269	0.857142857142857	0.923076923076923	1	0	0.857142857142857	0.0194964375368854	1	0.827845265151192	0.462029239621015	1	6	6
sylph	sample5	low_skew	phylum	0.969865418373318	0.428571428571429	0.6	4	0	0.428571428571429	1.93973083674664	1	0.670577533948605	0.61038597589471	1	3	3
SingleM	sample0	high_skew	class	0.0156820063956369	1	1	0	0	1	0.0310492334619788	1	2.00998780438008	0.709437504449435	0.979927356146052	17	17
SingleM	sample0	low_skew	class	0.0300074313810698	0.952380952380952	0.975609756097561	1	0	0.952380952380952	0.0589155148283347	1	2.06858736322437	0.690511425699032	0.963364144040054	20	20
SingleM	sample4	high_skew	class	0.0429214748100197	1	1	0	0	1	0.0854341736694678	1	1.98288420101185	0.902449490809802	0.99047619047619	9	9
SingleM	sample4	low_skew	class	0.0605403851681517	0.928571428571429	0.962962962962963	1	0	0.928571428571429	0.115030038230475	1	2.18640969385177	0.852418269971458	0.9000546149645	13	13
SingleM	sample5	high_skew	class	0.00733266699676287	0.857142857142857	0.923076923076923	1	0	0.857142857142857	0.0146352257713079	1	0.825228950951863	0.460569046863973	0.99589396024241	6	6
SingleM	sample5	low_skew	class	0.00890274504153633	0.888888888888889	0.941176470588235	1	0	0.888888888888889	0.0176555339257719	1	0.893920057528304	0.429884677982421	0.983156188725934	8	8
SingleM dev	sample0	high_skew	class	0.193101077240431	0.529411764705882	0.692307692307692	8	0	0.529411764705882	0.323696090673326	1	1.29685545936041	0.590224355187508	0.676303909326674	9	9
SingleM dev	sample0	low_skew	class	0.422745042792237	0.380952380952381	0.551724137931035	13	0	0.380952380952381	0.594266759085058	1	0.879836835185497	0.423112079637852	0.405733240914942	8	8
SingleM dev	sample4	high_skew	class	0.310948081264108	0.888888888888889	0.941176470588235	1	0	0.888888888888889	0.474386569091692	1	1.22960310743211	0.591314101784653	0.525613430908308	8	8
SingleM dev	sample4	low_skew	class	0.53940724478595	0.571428571428571	0.727272727272727	6	0	0.571428571428571	0.700798630918426	1	0.850969302626889	0.409229730949517	0.299201369081575	8	8
SingleM dev	sample5	high_skew	class	0.811249099957308	0.428571428571429	0.545454545454545	4	1	0.375	0.89709623094864	0.75	0.342566321402016	0.247109366531132	0.105820926021181	4	3
SingleM dev	sample5	low_skew	class	0.0947648066369155	0.666666666666667	0.8	3	0	0.666666666666667	0.173123589765422	1	0.739296208054998	0.412609069884536	0.826876410234578	6	6
SingleM inject	sample0	high_skew	class	0.0205043165040071	1	1	0	0	1	0.0407999451536872	1	2.03524179055198	0.718351053520803	0.989822247706422	17	17
SingleM inject	sample0	low_skew	class	0.0297482575716172	0.952380952380952	0.975609756097561	1	0	0.952380952380952	0.0584138750467561	1	2.0706585166305	0.691202793690897	0.96360660472729	20	20
SingleM inject	sample4	high_skew	class	0.0428430682617875	1	1	0	0	1	0.0852780501470794	1	1.98295144689407	0.902480095729713	0.990474856422468	9	9
SingleM inject	sample4	low_skew	class	0.0707078195167153	0.928571428571429	0.962962962962963	1	0	0.928571428571429	0.135458145568756	1	2.20224879531876	0.858593480184055	0.915744913286904	13	13
SingleM inject	sample5	high_skew	class	0.00712601619230099	1	1	0	0	1	0.0142262675306241	1	0.829004075564221	0.426023820250221	0.996384395813511	7	7
SingleM inject	sample5	low_skew	class	0.00896330434011857	1	1	0	0	1	0.0177745486874891	1	0.893903508427579	0.406833019095068	0.983035275052811	9	9
SingleM joint	sample0	high_skew	class	0.0394234622569235	0.941176470588235	0.96969696969697	1	0	0.941176470588235	0.078846924513847	1	2.03571826679243	0.734230162037128	1	16	16
SingleM joint	sample0	low_skew	class	0.0842798806185311	0.80952380952381	0.894736842105263	4	0	0.80952380952381	0.168559761237062	1	1.94702279514181	0.687213618849586	1	17	17
SingleM joint	sample4	high_skew	class	0.0489020939445388	1	1	0	0	1	0.0978041878890776	1	2.03043454632112	0.924090585579877	1	9	9
SingleM joint	sample4	low_skew	class	0.152966534316506	0.857142857142857	0.923076923076923	2	0	0.857142857142857	0.305933068633012	1	2.23962224306839	0.901290293242793	1	12	12
SingleM joint	sample5	high_skew	class	0.00847957923823405	1	1	0	0	1	0.0169591584764681	1	0.83167087014428	0.427394281564354	1	7	7
SingleM joint	sample5	low_skew	class	0.0407197049297061	0.888888888888889	0.941176470588235	1	0	0.888888888888889	0.0814394098594122	1	0.832848914077026	0.400515666049561	1	8	8
SingleM nnls	sample0	high_skew	class	0.0309071692950401	0.941176470588235	0.96969696969697	1	0	0.941176470588235	0.0618143385900802	1	2.02853457171061	0.73163919171968	1	16	16
SingleM nnls	sample0	low_skew	class	0.085266317435591	0.80952380952381	0.894736842105263	4	0	0.80952380952381	0.170532634871182	1	1.93823048759726	0.684110320058834	1	17	17
SingleM nnls	sample4	high_skew	class	0.0522605363984675	1	1	0	0	1	0.104521072796935	1	2.02734195343337	0.922683085900666	1	9	9
SingleM nnls	sample4	low_skew	class	0.156489151873767	0.857142857142857	0.923076923076923	2	0	0.857142857142857	0.312978303747535	1	2.24938023614229	0.905217198535082	1	12	12
SingleM nnls	sample5	high_skew	class	0.0120279499297644	1	1	0	0	1	0.0240558998595288	1	0.82153067106359	0.422183250065488	1	7	7
SingleM nnls	sample5	low_skew	class	0.0425310667796985	0.888888888888889	0.941176470588235	1	0	0.888888888888889	0.0850621335593969	1	0.824014237132742	0.396267084511103	1	8	8
sylph	sample0	high_skew	class	0.0291562615890397	0.941176470588235	0.96969696969697	1	0	0.941176470588235	0.0583125231780793	1	1.9682467373407	0.709894951801829	1	16	16
sylph	sample0	low_skew	class	0.554102567064607	0.428571428571429	0.6	12	0	0.428571428571429	1.10820513412921	1	1.2153167646401	0.553114495976318	1	9	9
sylph	sample4	high_skew	class	0.107259475218659	1	1	0	0	1	0.214518950437318	1	2.00925479352401	0.914451264676781	1	9	9
sylph	sample4	low_skew	class	0.36296461587504	0.428571428571429	0.6	8	0	0.428571428571429	0.72592923175008	1	1.69483316331845	0.945904398679493	1	6	6
sylph	sample5	high_skew	class	0.00974821876844269	0.857142857142857	0.923076923076923	1	0	0.857142857142857	0.0194964375368854	1	0.827845265151192	0.462029239621015	1	6	6
sylph	sample5	low_skew	class	0.969865418373318	0.444444444444444	0.615384615384615	5	0	0.444444444444444	1.93973083674664	1	0.675049808210379	0.48694550532908	1	4	4
SingleM	sample0	high_skew	order	0.0240935762598922	1	1	0	0	1	0.0473661469819665	1	2.48565884998837	0.738176559318923	0.965924297457465	29	29
SingleM	sample0	low_skew	order	0.0597462890160736	0.941176470588235	0.96969696969697	2	0	0.941176470588235	0.114853122795149	1	2.40241723485505	0.693191086174312	0.922347390718275	32	32
SingleM	sample4	high_skew	order	0.0728592997339852	1	1	0	0	1	0.141932773109244	1	2.6640032127431	0.904757487450891	0.948039215686275	19	19
SingleM	sample4	low_skew	order	0.112205188679245	0.952380952380952	0.952380952380952	1	1	0.909090909090909	0.207864554888039	0.952380952380952	2.61032855432003	0.857385224683032	0.852539595849263	21	20
SingleM	sample5	high_skew	order	0.00766893232191108	0.727272727272727	0.842105263157895	3	0	0.727272727272727	0.0153012678710239	1	0.881457980343486	0.423891685664516	0.995227918142694	8	8
SingleM	sample5	low_skew	order	0.0271408772986188	0.888888888888889	0.727272727272727	1	5	0.571428571428571	0.0533762797419516	0.615384615384615	0.925521552450108	0.360834240160622	0.966637966587319	13	8
SingleM dev	sample0	high_skew	order	0.281077921678408	0.413793103448276	0.585365853658537	17	0	0.413793103448276	0.438814715205072	1	1.23059120221321	0.495226330662442	0.561185284794929	12	12
SingleM dev	sample0	low_skew	order	0.532124706060836	0.176470588235294	0.3	28	0	0.176470588235294	0.694623230022775	1	0.689859412587614	0.385017868991549	0.305376769977226	6	6
SingleM dev	sample4	high_skew	order	0.61468952734013	0.526315789473684	0.689655172413793	9	0	0.526315789473684	0.761371789352848	1	0.757764993550307	0.329093155278351	0.238628210647152	10	10
SingleM dev	sample4	low_skew	order	0.853800396563119	0.380952380952381	0.551724137931035	13	0	0.380952380952381	0.921135196805476	1	0.325314971333094	0.156443431956397	0.0788648031945237	8	8
SingleM dev	sample5	high_skew	order	0.811249099957308	0.272727272727273	0.4	8	1	0.25	0.89709623094864	0.75	0.342566321402016	0.247109366531132	0.105820926021181	4	3
SingleM dev	sample5	low_skew	order	0.173447680106576	0.444444444444444	0.615384615384615	5	0	0.444444444444444	0.295620645124668	1	0.455651812764459	0.328683305323676	0.704379354875332	4	4
SingleM inject	sample0	high_skew	order	0.0289062853851961	1	1	0	0	1	0.0571136707128182	1	2.51178967114834	0.745936739142528	0.975821865443425	29	29
SingleM inject	sample0	low_skew	order	0.058445920317494	0.941176470588235	0.96969696969697	2	0	0.941176470588235	0.11251958048126	1	2.41502397447709	0.69682862232121	0.925191354161652	32	32
SingleM inject	sample4	high_skew	order	0.0726006904487917	1	1	0	0	1	0.141397954895644	1	2.66342212959473	0.9045601380908	0.947611710323575	19	19
SingleM inject	sample4	low_skew	order	0.107497261374425	0.952380952380952	0.952380952380952	1	1	0.909090909090909	0.201005052574082	0.952380952380952	2.65229140487437	0.871168289650592	0.869862078383176	21	20
SingleM inject	sample5	high_skew	order	0.0074547355761915	0.909090909090909	0.952380952380952	1	0	0.909090909090909	0.0148776618071373	1	0.885460876493907	0.384550772602521	0.995733001536998	10	10
SingleM inject	sample5	low_skew	order	0.0261868774625293	1	0.782608695652174	0	5	0.642857142857143	0.0515231379747536	0.642857142857143	0.924735353512537	0.350403662374152	0.967517434962526	14	9
SingleM joint	sample0	high_skew	order	0.0435327107677983	0.931034482758621	0.964285714285714	2	0	0.931034482758621	0.0870654215355966	1	2.54910319274272	0.773431239584713	1	27	27
SingleM joint	sample0	low_skew	order	0.11235388221361	0.823529411764706	0.903225806451613	6	0	0.823529411764706	0.224707764427219	1	2.39453507215743	0.718603874655799	1	28	28
SingleM joint	sample4	high_skew	order	0.0851386530843237	1	1	0	0	1	0.170277306168647	1	2.80315686676095	0.952017306724595	1	19	19
SingleM joint	sample4	low_skew	order	0.202987332198903	0.904761904761905	0.95	2	0	0.904761904761905	0.405974664397807	1	2.76176223141897	0.937958725230848	1	19	19
SingleM joint	sample5	high_skew	order	0.0087504219693884	0.818181818181818	0.9	2	0	0.818181818181818	0.0175008439387768	1	0.890082299560638	0.405093911993156	1	9	9
SingleM joint	sample5	low_skew	order	0.0407197049297061	0.888888888888889	0.941176470588235	1	0	0.888888888888889	0.0814394098594122	1	0.832848914077026	0.400515666049561	1	8	8
SingleM nnls	sample0	high_skew	order	0.0362471140003182	0.931034482758621	0.964285714285714	2	0	0.931034482758621	0.0724942280006365	1	2.52514466716639	0.76616190965414	1	27	27
SingleM nnls	sample0	low_skew	order	0.116871035465605	0.823529411764706	0.903225806451613	6	0	0.823529411764706	0.233742070931209	1	2.36207306767192	0.70886197424531	1	28	28
SingleM nnls	sample4	high_skew	order	0.101149425287356	1	1	0	0	1	0.202298850574713	1	2.77871358411367	0.94371579909607	1	19	19
SingleM nnls	sample4	low_skew	order	0.195069033530572	0.904761904761905	0.95	2	0	0.904761904761905	0.390138067061144	1	2.77382142282362	0.942054307272105	1	19	19
SingleM nnls	sample5	high_skew	order	0.0121730067793547	0.818181818181818	0.9	2	0	0.818181818181818	0.0243460135587094	1	0.87831952918271	0.399740444487259	1	9	9
SingleM nnls	sample5	low_skew	order	0.0425310667796985	0.888888888888889	0.941176470588235	1	0	0.888888888888889	0.0850621335593969	1	0.824014237132742	0.396267084511103	1	8	8
sylph	sample0	high_skew	order	0.0424699183738795	0.862068965517241	0.925925925925926	4	0	0.862068965517241	0.0849398367477591	1	2.45221646839682	0.761823879458671	1	25	25
sylph	sample0	low_skew	order	0.614304929533716	0.411764705882353	0.583333333333333	20	0	0.411764705882353	1.22860985906743	1	1.98924208776908	0.753769941049023	1	14	14
sylph	sample4	high_skew	order	0.124679300291545	0.894736842105263	0.944444444444444	2	0	0.894736842105263	0.24935860058309	1	2.70054781802635	0.953174890162017	1	17	17
sylph	sample4	low_skew	order	0.6	0.333333333333333	0.5	14	0	0.333333333333333	1.2	1	1.83371641420241	0.942343825634823	1	7	7
sylph	sample5	high_skew	order	0.0101673643156693	0.818181818181818	0.9	2	0	0.818181818181818	0.0203347286313386	1	0.890083453663907	0.40509443724819	1	9	9
sylph	sample5	low_skew	order	0.969865418373318	0.444444444444444	0.615384615384615	5	0	0.444444444444444	1.93973083674664	1	0.675049808210379	0.48694550532908	1	4	4
SingleM	sample0	high_skew	family	0.0281198033340149	1	0.984126984126984	0	1	0.96875	0.05482718715226	0.96875	2.50558107582124	0.722957878526508	0.956174727585548	32	31
SingleM	sample0	low_skew	family	0.136353025320891	0.96969696969697	0.914285714285714	1	5	0.842105263157895	0.243952574431941	0.864864864864865	2.42694148531885	0.672112062370766	0.865684575389948	37	32
SingleM	sample4	high_skew	family	0.0715583105088655	1	1	0	0	1	0.139047619047619	1	2.77528645679442	0.91156708927712	0.943137254901961	21	21
SingleM	sample4	low_skew	family	0.104187768736961	1	0.954545454545454	0	2	0.91304347826087	0.169655925723648	0.91304347826087	2.62972767505749	0.83869638849843	0.788367012561442	23	21
SingleM	sample5	high_skew	family	0.00773211639615608	0.75	0.857142857142857	3	0	0.75	0.0154256933182235	1	0.886027090480522	0.403248306804708	0.995015662968059	9	9
SingleM	sample5	low_skew	family	0.0490938212153727	0.8	0.666666666666667	2	6	0.5	0.0949701923051236	0.571428571428571	0.96421869103454	0.365364814251728	0.949823096569738	14	8
SingleM dev	sample0	high_skew	family	0.295159845215875	0.387096774193548	0.558139534883721	19	0	0.387096774193548	0.452870476061966	1	1.18416793829109	0.476544234928146	0.540726155028335	12	12
SingleM dev	sample0	low_skew	family	0.730477538984278	0.121212121212121	0.216216216216216	29	0	0.121212121212121	0.779614068561449	1	0.394291563203042	0.284421241448693	0.143826121398158	4	4
SingleM dev	sample4	high_skew	family	0.719679210363973	0.428571428571429	0.6	12	0	0.428571428571429	0.836992394891663	1	0.521904488916098	0.237528969182032	0.163007605108337	9	9
SingleM dev	sample4	low_skew	family	0.921697596116201	0.285714285714286	0.444444444444444	15	0	0.285714285714286	0.805772960638905	1	0.163039016312012	0.0909938075461961	0.0342270393610953	6	6
SingleM dev	sample5	high_skew	family	0.811249099957308	0.25	0.375	9	1	0.230769230769231	0.89709623094864	0.75	0.342566321402016	0.247109366531132	0.105820926021181	4	3
SingleM dev	sample5	low_skew	family	0.22330353350158	0.4	0.571428571428572	6	0	0.4	0.359475169595589	1	0.350689071445774	0.252968692134387	0.625164970837413	4	4
SingleM inject	sample0	high_skew	family	0.033202142138462	1	0.984126984126984	0	1	0.96875	0.0650525761675224	0.96875	2.53031320755064	0.730094063285831	0.965691896024465	32	31
SingleM inject	sample0	low_skew	family	0.137371283253787	0.96969696969697	0.914285714285714	1	5	0.842105263157895	0.245900899623985	0.864864864864865	2.4323128249972	0.673599589866071	0.866605690078467	37	32
SingleM inject	sample4	high_skew	family	0.0705498628950786	1	1	0	0	1	0.136949152542373	1	2.77159130547846	0.910353384536378	0.941168230844656	21	21
SingleM inject	sample4	low_skew	family	0.0990995177291782	1	0.954545454545454	0	2	0.91304347826087	0.163086166871501	0.91304347826087	2.67025455865275	0.851621586506887	0.805680731940462	23	21
SingleM inject	sample5	high_skew	family	0.00751787995037251	0.916666666666667	0.956521739130435	1	0	0.916666666666667	0.0150020854329881	1	0.890029916640988	0.371171304575914	0.99552074946937	11	11
SingleM inject	sample5	low_skew	family	0.0507279573844919	1	0.769230769230769	0	6	0.625	0.098217189794702	0.625	0.97765993366725	0.352616284494393	0.951514888445178	16	10
SingleM joint	sample0	high_skew	family	0.0438827382552004	0.967741935483871	0.983606557377049	1	0	0.967741935483871	0.087484479148585	1	2.6062455324826	0.76627294450313	1	30	30
SingleM joint	sample0	low_skew	family	0.152731049567407	0.878787878787879	0.878787878787879	4	4	0.783783783783784	0.293769038992664	0.878787878787879	2.64365001522741	0.756083025348479	1	33	29
SingleM joint	sample4	high_skew	family	0.0851386530843237	1	1	0	0	1	0.170277306168648	1	2.89886714742053	0.952158247054402	1	21	21
SingleM joint	sample4	low_skew	family	0.173460915600056	1	0.954545454545454	0	2	0.91304347826087	0.319168084704103	0.91304347826087	3.04470521405015	0.971044755427144	1	23	21
SingleM joint	sample5	high_skew	family	0.00883749664587041	0.833333333333333	0.909090909090909	2	0	0.833333333333333	0.0176749932917408	1	0.895750951217343	0.389019695273281	1	10	10
SingleM joint	sample5	low_skew	family	0.111408300496884	0.9	0.818181818181818	1	3	0.692307692307692	0.221105385143538	0.75	1.19048427752915	0.479086116828862	1	12	9
SingleM nnls	sample0	high_skew	family	0.0364070334078005	0.967741935483871	0.983606557377049	1	0	0.967741935483871	0.0725809391497831	1	2.58155822823065	0.759014528868375	1	30	30
SingleM nnls	sample0	low_skew	family	0.153811168334784	0.878787878787879	0.878787878787879	4	4	0.783783783783784	0.295846582839765	0.878787878787879	2.60559400574349	0.745199019289599	1	33	29
SingleM nnls	sample4	high_skew	family	0.101149425287356	1	1	0	0	1	0.202298850574713	1	2.87902195960637	0.945639921694645	1	21	21
SingleM nnls	sample4	low_skew	family	0.166666666666667	1	0.954545454545454	0	2	0.91304347826087	0.306666666666667	0.91304347826087	3.04882725422545	0.972359393532476	1	23	21
SingleM nnls	sample5	high_skew	family	0.0122797729479074	0.833333333333333	0.909090909090909	2	0	0.833333333333333	0.0245595458958149	1	0.883961636079159	0.383899660763349	1	10	10
SingleM nnls	sample5	low_skew	family	0.112179616101608	0.9	0.818181818181818	1	3	0.692307692307692	0.222636169053615	0.75	1.18413564706653	0.476531239983423	1	12	9
sylph	sample0	high_skew	family	0.0419924198557858	0.838709677419355	0.912280701754386	5	0	0.838709677419355	0.083715946755824	1	2.48649109073006	0.763172932942009	1	26	26
sylph	sample0	low_skew	family	0.616122272830963	0.515151515151515	0.68	16	0	0.515151515151515	1.18507434149233	1	2.17600413957655	0.768033986618614	1	17	17
sylph	sample4	high_skew	family	0.124679300291545	0.857142857142857	0.923076923076923	3	0	0.857142857142857	0.24935860058309	1	2.76447863736019	0.956443969467926	1	18	18
sylph	sample4	low_skew	family	0.565217391304348	0.476190476190476	0.645161290322581	11	0	0.476190476190476	1.04	1	2.30222292396144	0.999842711987622	1	10	10
sylph	sample5	high_skew	family	0.0101673643156693	0.833333333333333	0.909090909090909	2	0	0.833333333333333	0.0203347286313386	1	0.895887052899079	0.389078803482637	1	10	10
sylph	sample5	low_skew	family	0.969632195769146	0.5	0.666666666666667	5	0	0.5	1.92437097717964	1	0.693710599085279	0.431026629685961	1	5	5
SingleM	sample0	high_skew	genus	0.0364234859551119	1	0.986301369863014	0	1	0.972972972972973	0.0693091728540947	0.972972972972973	2.51543337244652	0.696618819175678	0.928742114318486	37	36
SingleM	sample0	low_skew	genus	0.207273962001985	0.96	0.827586206896552	1	9	0.705882352941177	0.297057025326895	0.727272727272727	2.23848749922193	0.640206680486365	0.801126516464472	33	24
SingleM	sample4	high_skew	genus	0.0834345397133835	1	0.979591836734694	0	1	0.96	0.153949579831933	0.96	2.90502225496864	0.902495906342579	0.88515406162465	25	24
SingleM	sample4	low_skew	genus	0.172934713712233	1	0.82051282051282	0	7	0.695652173913044	0.214571272528673	0.695652173913044	2.12442270313873	0.677539984716316	0.600764609503004	23	16
SingleM	sample5	high_skew	genus	0.00759550283337484	0.818181818181818	0.9	2	0	0.818181818181818	0.0151478121035873	1	0.885611081553144	0.403058972982546	0.994678982346225	9	9
SingleM	sample5	low_skew	genus	0.747204069876098	0.714285714285714	0.263157894736842	2	26	0.151515151515152	0.703847094417449	0.161290322580645	1.32563512838716	0.386033799618049	0.764092583079495	31	5
SingleM dev	sample0	high_skew	genus	0.328471336476045	0.277777777777778	0.434782608695652	26	0	0.277777777777778	0.481716401688411	1	1.0500254016013	0.45602023777369	0.4924118720584	10	10
SingleM dev	sample0	low_skew	genus	0.718976284510126	0.12	0.214285714285714	22	0	0.12	0.528707743102574	1	0.290026416853716	0.263993421378279	0.103327062085355	3	3
SingleM dev	sample4	high_skew	genus	0.932969674556213	0.208333333333333	0.344827586206897	19	0	0.208333333333333	0.926709714449706	1	0.160680161801553	0.0998361978179959	0.0332902855502942	5	5
SingleM dev	sample4	low_skew	genus	0.977090896274627	0.125	0.222222222222222	14	0	0.125	0.632584141471763	1	0.0387158502497997	0.0558551651591857	0.00741585852823731	2	2
SingleM dev	sample5	high_skew	genus	0.811186656659262	0.272727272727273	0.4	8	1	0.25	0.896730520006569	0.75	0.342566321402016	0.247109366531132	0.105820926021181	4	3
SingleM dev	sample5	low_skew	genus	0.985585068363151	0.142857142857143	0.25	6	0	0.142857142857143	0.176590417603771	1	0.00859034251735975	0	0.00129138461975109	1	1
SingleM inject	sample0	high_skew	genus	0.0412312155137377	1	0.986301369863014	0	1	0.972972972972973	0.0788542199650312	0.972972972972973	2.54017871260972	0.70347174155216	0.938360091743119	37	36
SingleM inject	sample0	low_skew	genus	0.205017261432536	0.96	0.842105263157895	1	8	0.727272727272727	0.293597775681922	0.75	2.2332435850036	0.644377889036357	0.800028883647041	32	24
SingleM inject	sample4	high_skew	genus	0.0835736795127905	1	0.979591836734694	0	1	0.96	0.15424008964841	0.96	2.90708151206143	0.903135650528073	0.885558201428772	25	24
SingleM inject	sample4	low_skew	genus	0.167579104451713	1	0.82051282051282	0	7	0.695652173913044	0.211006418134644	0.695652173913044	2.1689608189851	0.691744480970879	0.619145159087806	23	16
SingleM inject	sample5	high_skew	genus	0.00734056935492555	1	1	0	0	1	0.0146436935277315	1	0.889744573684362	0.371052307320336	0.995264583180854	11	11
SingleM inject	sample5	low_skew	genus	0.740552944270607	1	0.318181818181818	0	30	0.189189189189189	0.683502518113026	0.189189189189189	1.35998077449921	0.376630210766356	0.74508059148653	37	7
SingleM joint	sample0	high_skew	genus	0.043353944756468	1	0.986301369863014	0	1	0.972972972972973	0.0855862481222009	0.972972972972973	2.74365925659482	0.759823214753082	1	37	36
SingleM joint	sample0	low_skew	genus	0.242213894494588	1	0.78125	0	14	0.641025641025641	0.395301506115284	0.641025641025641	2.82585326687388	0.771340444034629	1	39	25
SingleM joint	sample4	high_skew	genus	0.0984777612233349	1	0.96	0	2	0.923076923076923	0.193016411997736	0.923076923076923	3.21030383006435	0.985331095196413	1	26	24
SingleM joint	sample4	low_skew	genus	0.255435810172055	1	0.727272727272727	0	12	0.571428571428571	0.418914728682171	0.571428571428571	3.18740045825157	0.956544068204258	1	28	16
SingleM joint	sample5	high_skew	genus	0.00865622401275396	0.909090909090909	0.952380952380952	1	0	0.909090909090909	0.0173092823496694	1	0.895750951217343	0.389019695273281	1	10	10
SingleM joint	sample5	low_skew	genus	0.824832232790469	0.857142857142857	0.3	1	27	0.176470588235294	0.971554876891289	0.181818181818182	2.553922024415	0.730420849810446	1	33	6
SingleM nnls	sample0	high_skew	genus	0.0366339172318294	1	0.986301369863014	0	1	0.972972972972973	0.0723200517854549	0.972972972972973	2.71489506870988	0.751857321154608	1	37	36
SingleM nnls	sample0	low_skew	genus	0.248679468065372	1	0.78125	0	14	0.641025641025641	0.405853547218308	0.641025641025641	2.79935187059914	0.764106664768833	1	39	25
SingleM nnls	sample4	high_skew	genus	0.119086715145828	1	0.96	0	2	0.923076923076923	0.233409961685824	0.923076923076923	3.19690943879839	0.981219985807955	1	26	24
SingleM nnls	sample4	low_skew	genus	0.249386635878193	1	0.727272727272727	0	12	0.571428571428571	0.408994082840237	0.571428571428571	3.19718291693851	0.959479799986948	1	28	16
SingleM nnls	sample5	high_skew	genus	0.0120991298689631	0.909090909090909	0.952380952380952	1	0	0.909090909090909	0.0241938349537435	1	0.883961636079159	0.383899660763349	1	10	10
SingleM nnls	sample5	low_skew	genus	0.828600535438975	0.857142857142857	0.3	1	27	0.176470588235294	0.975993492006236	0.181818181818182	2.55103241229533	0.729594421705011	1	33	6
sylph	sample0	high_skew	genus	0.0325447896505701	0.916666666666667	0.956521739130435	3	0	0.916666666666667	0.064247589412333	1	2.62392134434588	0.750440632036093	1	33	33
sylph	sample0	low_skew	genus	0.547579594430126	0.72	0.837209302325581	7	0	0.72	0.893668956720656	1	2.26723315192147	0.784408837973055	1	18	18
sylph	sample4	high_skew	genus	0.106815612542393	0.916666666666667	0.956521739130435	2	0	0.916666666666667	0.20935860058309	1	3.08936892617675	0.999458588095498	1	22	22
sylph	sample4	low_skew	genus	0.51219512195122	0.625	0.769230769230769	6	0	0.625	0.84	1	2.30222292396144	0.999842711987622	1	10	10
sylph	sample5	high_skew	genus	0.00998633490060576	0.909090909090909	0.952380952380952	1	0	0.909090909090909	0.0199690176892672	1	0.895887052899079	0.389078803482637	1	10	10
sylph	sample5	low_skew	genus	0.94883258817685	0.714285714285714	0.833333333333333	2	0	0.714285714285714	1.11761263897016	1	0.693710599085279	0.431026629685961	1	5	5
SingleM	sample0	high_skew	species	0.168596866103891	0.941176470588235	0.876712328767123	2	7	0.780487804878049	0.30818989361844	0.82051282051282	2.53283619564181	0.691358967118137	0.872873255591665	39	32
SingleM	sample0	low_skew	species	0.145220154910036	1	0.848484848484848	0	5	0.736842105263158	0.0907529511371044	0.736842105263158	0.971133291109025	0.329819465772712	0.285287887540921	19	14
SingleM	sample4	high_skew	species	0.115393670332627	1	0.956521739130435	0	2	0.916666666666667	0.192212885154062	0.916666666666667	2.62126281217567	0.824801262692485	0.785714285714286	24	22
SingleM	sample4	low_skew	species	0.222677518033771	1	0.75	0	6	0.6	0.149879847078099	0.6	1.15274103528853	0.425671959411737	0.313080283997815	15	9
SingleM	sample5	high_skew	species	0.0110623130763072	0.8	0.8	2	2	0.666666666666667	0.0218790305078193	0.8	0.849945395500293	0.369126595184854	0.9854788183974	10	8
SingleM	sample5	low_skew	species	0.0406970056713039	0.5	0.666666666666667	2	0	0.5	0.00237325976671408	1	0.117216154897895	0.169107165383265	0.0282539016431398	2	2
SingleM dev	sample0	high_skew	species	0.676247602699151	0.147058823529412	0.256410256410256	29	0	0.147058823529412	0.770627683567888	1	0.43251044908423	0.268733851578098	0.184468350782826	5	5
SingleM dev	sample0	low_skew	species		0		14	0	0		0					0
SingleM dev	sample4	high_skew	species	0.927098128432987	0.227272727272727	0.37037037037037	17	0	0.227272727272727	0.846709714449706	1	0.160680161801553	0.0998361978179959	0.0332902855502942	5	5
SingleM dev	sample4	low_skew	species	0.959632343808222	0.222222222222222	0.363636363636364	7	0	0.222222222222222	0.352584141471763	1	0.0387158502497997	0.0558551651591857	0.00741585852823731	2	2
SingleM dev	sample5	high_skew	species	0.958365511771824	0.2	0.333333333333333	8	0	0.2	0.971223529231855	1	0.0862764553853758	0.12447061432996	0.0210965409846462	2	2
SingleM dev	sample5	low_skew	species		0		4	0	0		0					0
SingleM inject	sample0	high_skew	species	0.178074637607811	0.941176470588235	0.853333333333333	2	9	0.744186046511628	0.329212166156246	0.780487804878049	2.62444888971003	0.706718179307923	0.893635321100917	41	32
SingleM inject	sample0	low_skew	species	0.161090307138864	1	0.8	0	7	0.666666666666667	0.102607227974356	0.666666666666667	1.03238929566417	0.339097285956003	0.297309006883936	21	14
SingleM inject	sample4	high_skew	species	0.115388755095726	1	0.956521739130435	0	2	0.916666666666667	0.192217397394593	0.916666666666667	2.62151992010386	0.824882163753924	0.785824345146379	24	22
SingleM inject	sample4	low_skew	species	0.253384460707522	1	0.72	0	7	0.5625	0.177582957804179	0.5625	1.25225082956951	0.451654015442257	0.340843916427694	16	9
SingleM inject	sample5	high_skew	species	0.0108892495507268	1	0.869565217391305	0	3	0.769230769230769	0.0215430441805584	0.769230769230769	0.854678701067022	0.333214649474747	0.986057234867891	13	10
SingleM inject	sample5	low_skew	species	0.0307297082992409	1	0.888888888888889	0	1	0.8	0.00181058082766995	0.8	0.122205444791897	0.0759305120426015	0.0288581184709321	5	4
SingleM joint	sample0	high_skew	species	0.0847280856596082	0.941176470588235	0.941176470588235	2	2	0.888888888888889	0.153503664202026	0.941176470588235	2.38360376132534	0.675938760284527	0.856625108727167	34	32
SingleM joint	sample0	low_skew	species	0.0811310247529433	1	0.875	0	4	0.777777777777778	0.0585894514468315	0.777777777777778	1.22643328970194	0.424316798125177	0.382512713823393	18	14
SingleM joint	sample4	high_skew	species	0.0733817907144703	1	1	0	0	1	0.125353706847765	1	2.70106095434067	0.873834958625707	0.828239954725524	22	22
SingleM joint	sample4	low_skew	species	0.156793162001793	1	0.947368421052632	0	1	0.9	0.124303270939686	0.9	1.34337039386969	0.583418349209803	0.432785025524674	10	9
SingleM joint	sample5	high_skew	species	0.0204327127667802	0.9	0.9	1	1	0.818181818181818	0.0397475746263883	0.9	0.858808537947287	0.372975809041906	0.952971046047339	10	9
SingleM joint	sample5	low_skew	species	0.0250784872389359	1	1	0	0	1	0.0014810387134996	1	0.122615324697333	0.088448260438916	0.0289947029593561	4	4
SingleM nnls	sample0	high_skew	species	0.137188495473876	0.941176470588235	0.941176470588235	2	2	0.888888888888889	0.234232396021076	0.941176470588235	2.10863555495102	0.597963690958836	0.752280340118526	34	32
SingleM nnls	sample0	low_skew	species	0.148642084514206	1	0.777777777777778	0	8	0.636363636363636	0.0985560787465914	0.636363636363636	1.09828911585713	0.355313501004774	0.323397208422049	22	14
SingleM nnls	sample4	high_skew	species	0.12652524873287	1	1	0	0	1	0.206590038314176	1	2.50661254490534	0.810927893333197	0.7527969348659	22	22
SingleM nnls	sample4	low_skew	species	0.245718014246099	1	0.818181818181818	0	4	0.692307692307692	0.178264299802761	0.692307692307692	1.23193249177857	0.480295054635223	0.365483234714004	13	9
SingleM nnls	sample5	high_skew	species	0.0309910369562927	0.9	0.9	1	1	0.818181818181818	0.0596699196697789	0.9	0.829239512437176	0.360134144427608	0.933072737837409	10	9
SingleM nnls	sample5	low_skew	species	0.105211891282577	1	1	0	0	1	0.0057234651978028	1	0.107533911768764	0.0775693206180939	0.0243379742404652	4	4
sylph	sample0	high_skew	species	0.0522368538706432	0.941176470588235	0.941176470588235	2	2	0.888888888888889	0.102128065849452	0.941176470588235	2.63969407312763	0.748560464734376	1	34	32
sylph	sample0	low_skew	species	0.492932058746924	1	0.875	0	4	0.777777777777778	0.660354308635666	0.777777777777778	2.26723315192147	0.784408837973055	1	18	14
sylph	sample4	high_skew	species	0.0688077662676012	1	1	0	0	1	0.12935860058309	1	3.08936892617675	0.999458588095498	1	22	22
sylph	sample4	low_skew	species	0.470588235294118	1	0.947368421052632	0	1	0.9	0.64	0.9	2.30222292396144	0.999842711987622	1	10	9
sylph	sample5	high_skew	species	0.00635179007480674	1	0.952380952380952	0	1	0.909090909090909	0.0126547988478394	0.909090909090909	0.896528380355224	0.373881374439245	1	11	10
sylph	sample5	low_skew	species	0.941631754597742	1	0.888888888888889	0	1	0.8	0.969938560561732	0.8	0.693710599085279	0.431026629685961	1	5	4
