tool	community	rank	metric	value	tool2
singlem	marine0	kingdom	Bray-Curtis distance	0.00154494855019397	SingleM
singlem	marine0	phylum	Bray-Curtis distance	0.0132981704462615	SingleM
singlem	marine0	class	Bray-Curtis distance	0.0176364765451453	SingleM
singlem	marine0	order	Bray-Curtis distance	0.0217626174781958	SingleM
singlem	marine0	family	Bray-Curtis distance	0.0297717650826143	SingleM
singlem	marine0	genus	Bray-Curtis distance	0.0403110864939185	SingleM
singlem	marine0	species	Bray-Curtis distance	0.164574593653172	SingleM
metaphlan	marine0	kingdom	Bray-Curtis distance	0.000429367999325772	MetaPhlAn
metaphlan	marine0	phylum	Bray-Curtis distance	0.0535449804335363	MetaPhlAn
metaphlan	marine0	class	Bray-Curtis distance	0.0658889447041676	MetaPhlAn
metaphlan	marine0	order	Bray-Curtis distance	0.0774585649154623	MetaPhlAn
metaphlan	marine0	family	Bray-Curtis distance	0.093318427992122	MetaPhlAn
metaphlan	marine0	genus	Bray-Curtis distance	0.105007045954073	MetaPhlAn
metaphlan	marine0	species	Bray-Curtis distance	0.144855409763738	MetaPhlAn
kraken	marine0	kingdom	Bray-Curtis distance	0.00414272778783587	Kraken2
kraken	marine0	phylum	Bray-Curtis distance	0.146567823890479	Kraken2
kraken	marine0	class	Bray-Curtis distance	0.162481765984611	Kraken2
kraken	marine0	order	Bray-Curtis distance	0.217661970200533	Kraken2
kraken	marine0	family	Bray-Curtis distance	0.236582931940431	Kraken2
kraken	marine0	genus	Bray-Curtis distance	0.226900111916941	Kraken2
kraken	marine0	species	Bray-Curtis distance	0.306479893509212	Kraken2
sourmash	marine0	kingdom	Bray-Curtis distance	0.00231456579406642	sourmash
sourmash	marine0	phylum	Bray-Curtis distance	0.13203388855383	sourmash
sourmash	marine0	class	Bray-Curtis distance	0.147236766464451	sourmash
sourmash	marine0	order	Bray-Curtis distance	0.180389760851346	sourmash
sourmash	marine0	family	Bray-Curtis distance	0.200586963383878	sourmash
sourmash	marine0	genus	Bray-Curtis distance	0.229301721018289	sourmash
sourmash	marine0	species	Bray-Curtis distance	0.328088205764176	sourmash
metabuli	marine0	kingdom	Bray-Curtis distance	0.00390719825557483	Metabuli
metabuli	marine0	phylum	Bray-Curtis distance	0.202989712300865	Metabuli
metabuli	marine0	class	Bray-Curtis distance	0.230199456733886	Metabuli
metabuli	marine0	order	Bray-Curtis distance	0.284888751067318	Metabuli
metabuli	marine0	family	Bray-Curtis distance	0.312058172953667	Metabuli
metabuli	marine0	genus	Bray-Curtis distance	0.372702845005596	Metabuli
metabuli	marine0	species	Bray-Curtis distance	0.576195752931006	Metabuli
sylph	marine0	kingdom	Bray-Curtis distance	0.000207241282256915	sylph
sylph	marine0	phylum	Bray-Curtis distance	0.0037456415692497	sylph
sylph	marine0	class	Bray-Curtis distance	0.00414504424974498	sylph
sylph	marine0	order	Bray-Curtis distance	0.00796693522673081	sylph
sylph	marine0	family	Bray-Curtis distance	0.010043956297596	sylph
sylph	marine0	genus	Bray-Curtis distance	0.0121846199039564	sylph
sylph	marine0	species	Bray-Curtis distance	0.0174218880028847	sylph
metaphlan42	marine0	kingdom	Bray-Curtis distance	0.00042936799932577	MetaPhlAn v4.2
metaphlan42	marine0	phylum	Bray-Curtis distance	0.0535449804335363	MetaPhlAn v4.2
metaphlan42	marine0	class	Bray-Curtis distance	0.0658889447041676	MetaPhlAn v4.2
metaphlan42	marine0	order	Bray-Curtis distance	0.0774585649154624	MetaPhlAn v4.2
metaphlan42	marine0	family	Bray-Curtis distance	0.093318427992122	MetaPhlAn v4.2
metaphlan42	marine0	genus	Bray-Curtis distance	0.105007045954073	MetaPhlAn v4.2
metaphlan42	marine0	species	Bray-Curtis distance	0.144855409763737	MetaPhlAn v4.2
singlem	marine1	kingdom	Bray-Curtis distance	0.00201394122770139	SingleM
singlem	marine1	phylum	Bray-Curtis distance	0.0205020211902344	SingleM
singlem	marine1	class	Bray-Curtis distance	0.0221671992077258	SingleM
singlem	marine1	order	Bray-Curtis distance	0.0281205570932203	SingleM
singlem	marine1	family	Bray-Curtis distance	0.0371208015882044	SingleM
singlem	marine1	genus	Bray-Curtis distance	0.0525085063886269	SingleM
singlem	marine1	species	Bray-Curtis distance	0.153466427632997	SingleM
metaphlan	marine1	kingdom	Bray-Curtis distance	0.000620277390362412	MetaPhlAn
metaphlan	marine1	phylum	Bray-Curtis distance	0.0579464272809684	MetaPhlAn
metaphlan	marine1	class	Bray-Curtis distance	0.0715042213574294	MetaPhlAn
metaphlan	marine1	order	Bray-Curtis distance	0.0871438857950531	MetaPhlAn
metaphlan	marine1	family	Bray-Curtis distance	0.105102955749377	MetaPhlAn
metaphlan	marine1	genus	Bray-Curtis distance	0.13214027025558	MetaPhlAn
metaphlan	marine1	species	Bray-Curtis distance	0.198738769534319	MetaPhlAn
kraken	marine1	kingdom	Bray-Curtis distance	0.00434282048501799	Kraken2
kraken	marine1	phylum	Bray-Curtis distance	0.132616018294771	Kraken2
kraken	marine1	class	Bray-Curtis distance	0.141199715310165	Kraken2
kraken	marine1	order	Bray-Curtis distance	0.162775394616404	Kraken2
kraken	marine1	family	Bray-Curtis distance	0.182167635771679	Kraken2
kraken	marine1	genus	Bray-Curtis distance	0.198964542724634	Kraken2
kraken	marine1	species	Bray-Curtis distance	0.244912336339598	Kraken2
sourmash	marine1	kingdom	Bray-Curtis distance	0.00372338563415455	sourmash
sourmash	marine1	phylum	Bray-Curtis distance	0.141132760440326	sourmash
sourmash	marine1	class	Bray-Curtis distance	0.15093135025802	sourmash
sourmash	marine1	order	Bray-Curtis distance	0.179525577993852	sourmash
sourmash	marine1	family	Bray-Curtis distance	0.208855838531282	sourmash
sourmash	marine1	genus	Bray-Curtis distance	0.243854096586166	sourmash
sourmash	marine1	species	Bray-Curtis distance	0.289097498592632	sourmash
metabuli	marine1	kingdom	Bray-Curtis distance	0.00460777108747348	Metabuli
metabuli	marine1	phylum	Bray-Curtis distance	0.193883531070102	Metabuli
metabuli	marine1	class	Bray-Curtis distance	0.20625123100409	Metabuli
metabuli	marine1	order	Bray-Curtis distance	0.2469563927327	Metabuli
metabuli	marine1	family	Bray-Curtis distance	0.269340592226674	Metabuli
metabuli	marine1	genus	Bray-Curtis distance	0.354092560886796	Metabuli
metabuli	marine1	species	Bray-Curtis distance	0.529422950590324	Metabuli
sylph	marine1	kingdom	Bray-Curtis distance	4.61192213437511e-05	sylph
sylph	marine1	phylum	Bray-Curtis distance	0.00399333198164217	sylph
sylph	marine1	class	Bray-Curtis distance	0.00527752675910868	sylph
sylph	marine1	order	Bray-Curtis distance	0.00871624226212253	sylph
sylph	marine1	family	Bray-Curtis distance	0.0113239827072422	sylph
sylph	marine1	genus	Bray-Curtis distance	0.0144584503482864	sylph
sylph	marine1	species	Bray-Curtis distance	0.0197570938434248	sylph
metaphlan42	marine1	kingdom	Bray-Curtis distance	0.00062027951498205	MetaPhlAn v4.2
metaphlan42	marine1	phylum	Bray-Curtis distance	0.0579469440107051	MetaPhlAn v4.2
metaphlan42	marine1	class	Bray-Curtis distance	0.0715044639756608	MetaPhlAn v4.2
metaphlan42	marine1	order	Bray-Curtis distance	0.0871441413194621	MetaPhlAn v4.2
metaphlan42	marine1	family	Bray-Curtis distance	0.105103310594106	MetaPhlAn v4.2
metaphlan42	marine1	genus	Bray-Curtis distance	0.132140539241826	MetaPhlAn v4.2
metaphlan42	marine1	species	Bray-Curtis distance	0.198738858800321	MetaPhlAn v4.2
singlem	marine2	kingdom	Bray-Curtis distance	0.00231783252992035	SingleM
singlem	marine2	phylum	Bray-Curtis distance	0.0109246205225583	SingleM
singlem	marine2	class	Bray-Curtis distance	0.0135611891377228	SingleM
singlem	marine2	order	Bray-Curtis distance	0.0246453104935309	SingleM
singlem	marine2	family	Bray-Curtis distance	0.0302017286431614	SingleM
singlem	marine2	genus	Bray-Curtis distance	0.0467560904956827	SingleM
singlem	marine2	species	Bray-Curtis distance	0.144038878703616	SingleM
metaphlan	marine2	kingdom	Bray-Curtis distance	0.000734888574312469	MetaPhlAn
metaphlan	marine2	phylum	Bray-Curtis distance	0.0412048373504076	MetaPhlAn
metaphlan	marine2	class	Bray-Curtis distance	0.0924620759962923	MetaPhlAn
metaphlan	marine2	order	Bray-Curtis distance	0.11561443458072	MetaPhlAn
metaphlan	marine2	family	Bray-Curtis distance	0.139207392770197	MetaPhlAn
metaphlan	marine2	genus	Bray-Curtis distance	0.16284885813284	MetaPhlAn
metaphlan	marine2	species	Bray-Curtis distance	0.231008142110317	MetaPhlAn
kraken	marine2	kingdom	Bray-Curtis distance	0.00396381053281765	Kraken2
kraken	marine2	phylum	Bray-Curtis distance	0.0962537496129192	Kraken2
kraken	marine2	class	Bray-Curtis distance	0.116457135467033	Kraken2
kraken	marine2	order	Bray-Curtis distance	0.160188739123168	Kraken2
kraken	marine2	family	Bray-Curtis distance	0.188302109132932	Kraken2
kraken	marine2	genus	Bray-Curtis distance	0.194780513185378	Kraken2
kraken	marine2	species	Bray-Curtis distance	0.250367057212776	Kraken2
sourmash	marine2	kingdom	Bray-Curtis distance	0.00376249590947941	sourmash
sourmash	marine2	phylum	Bray-Curtis distance	0.106651800146793	sourmash
sourmash	marine2	class	Bray-Curtis distance	0.125401563267322	sourmash
sourmash	marine2	order	Bray-Curtis distance	0.181686973226407	sourmash
sourmash	marine2	family	Bray-Curtis distance	0.205006765370756	sourmash
sourmash	marine2	genus	Bray-Curtis distance	0.241600819294255	sourmash
sourmash	marine2	species	Bray-Curtis distance	0.285507761956832	sourmash
metabuli	marine2	kingdom	Bray-Curtis distance	0.00368137556543592	Metabuli
metabuli	marine2	phylum	Bray-Curtis distance	0.13413080589126	Metabuli
metabuli	marine2	class	Bray-Curtis distance	0.158698275142961	Metabuli
metabuli	marine2	order	Bray-Curtis distance	0.248513185948283	Metabuli
metabuli	marine2	family	Bray-Curtis distance	0.307708833219144	Metabuli
metabuli	marine2	genus	Bray-Curtis distance	0.461429807742748	Metabuli
metabuli	marine2	species	Bray-Curtis distance	0.677081254299434	Metabuli
sylph	marine2	kingdom	Bray-Curtis distance	2.53045347932984e-05	sylph
sylph	marine2	phylum	Bray-Curtis distance	0.00925439773696097	sylph
sylph	marine2	class	Bray-Curtis distance	0.011271845252851	sylph
sylph	marine2	order	Bray-Curtis distance	0.0133018034458062	sylph
sylph	marine2	family	Bray-Curtis distance	0.0151447612688181	sylph
sylph	marine2	genus	Bray-Curtis distance	0.0173751684661694	sylph
sylph	marine2	species	Bray-Curtis distance	0.0245768192814116	sylph
metaphlan42	marine2	kingdom	Bray-Curtis distance	0.00073488857431247	MetaPhlAn v4.2
metaphlan42	marine2	phylum	Bray-Curtis distance	0.0412041373504776	MetaPhlAn v4.2
metaphlan42	marine2	class	Bray-Curtis distance	0.0924615759963423	MetaPhlAn v4.2
metaphlan42	marine2	order	Bray-Curtis distance	0.11561433458073	MetaPhlAn v4.2
metaphlan42	marine2	family	Bray-Curtis distance	0.139206892770247	MetaPhlAn v4.2
metaphlan42	marine2	genus	Bray-Curtis distance	0.16284865813286	MetaPhlAn v4.2
metaphlan42	marine2	species	Bray-Curtis distance	0.231008142110317	MetaPhlAn v4.2
singlem	marine3	kingdom	Bray-Curtis distance	0.00196914576197959	SingleM
singlem	marine3	phylum	Bray-Curtis distance	0.0111524913810414	SingleM
singlem	marine3	class	Bray-Curtis distance	0.0139905946221138	SingleM
singlem	marine3	order	Bray-Curtis distance	0.0232119738466058	SingleM
singlem	marine3	family	Bray-Curtis distance	0.0302136421501606	SingleM
singlem	marine3	genus	Bray-Curtis distance	0.0491182051525059	SingleM
singlem	marine3	species	Bray-Curtis distance	0.198809754599432	SingleM
metaphlan	marine3	kingdom	Bray-Curtis distance	0.00056262222170432	MetaPhlAn
metaphlan	marine3	phylum	Bray-Curtis distance	0.0515994040793831	MetaPhlAn
metaphlan	marine3	class	Bray-Curtis distance	0.0735772801937898	MetaPhlAn
metaphlan	marine3	order	Bray-Curtis distance	0.0814116989887342	MetaPhlAn
metaphlan	marine3	family	Bray-Curtis distance	0.10046434139809	MetaPhlAn
metaphlan	marine3	genus	Bray-Curtis distance	0.118611659942017	MetaPhlAn
metaphlan	marine3	species	Bray-Curtis distance	0.182490649711869	MetaPhlAn
kraken	marine3	kingdom	Bray-Curtis distance	0.00536472828275735	Kraken2
kraken	marine3	phylum	Bray-Curtis distance	0.106512002025472	Kraken2
kraken	marine3	class	Bray-Curtis distance	0.114862953989036	Kraken2
kraken	marine3	order	Bray-Curtis distance	0.164064500292477	Kraken2
kraken	marine3	family	Bray-Curtis distance	0.191238785006258	Kraken2
kraken	marine3	genus	Bray-Curtis distance	0.206360109801906	Kraken2
kraken	marine3	species	Bray-Curtis distance	0.272762927434209	Kraken2
sourmash	marine3	kingdom	Bray-Curtis distance	0.0052773208753499	sourmash
sourmash	marine3	phylum	Bray-Curtis distance	0.118774632641328	sourmash
sourmash	marine3	class	Bray-Curtis distance	0.129599684749278	sourmash
sourmash	marine3	order	Bray-Curtis distance	0.186535201506574	sourmash
sourmash	marine3	family	Bray-Curtis distance	0.222712740015801	sourmash
sourmash	marine3	genus	Bray-Curtis distance	0.273467719497799	sourmash
sourmash	marine3	species	Bray-Curtis distance	0.346261626112885	sourmash
metabuli	marine3	kingdom	Bray-Curtis distance	0.00636994780189257	Metabuli
metabuli	marine3	phylum	Bray-Curtis distance	0.170699330439792	Metabuli
metabuli	marine3	class	Bray-Curtis distance	0.186611353344367	Metabuli
metabuli	marine3	order	Bray-Curtis distance	0.233889821448982	Metabuli
metabuli	marine3	family	Bray-Curtis distance	0.263424757585158	Metabuli
metabuli	marine3	genus	Bray-Curtis distance	0.348252093267773	Metabuli
metabuli	marine3	species	Bray-Curtis distance	0.577295696938234	Metabuli
sylph	marine3	kingdom	Bray-Curtis distance	2.59032255336411e-07	sylph
sylph	marine3	phylum	Bray-Curtis distance	0.00591415667662561	sylph
sylph	marine3	class	Bray-Curtis distance	0.00665130580516394	sylph
sylph	marine3	order	Bray-Curtis distance	0.00959105960155136	sylph
sylph	marine3	family	Bray-Curtis distance	0.012183594976698	sylph
sylph	marine3	genus	Bray-Curtis distance	0.016493340075992	sylph
sylph	marine3	species	Bray-Curtis distance	0.024872095192571	sylph
metaphlan42	marine3	kingdom	Bray-Curtis distance	0.000562621009492983	MetaPhlAn v4.2
metaphlan42	marine3	phylum	Bray-Curtis distance	0.0515992653433305	MetaPhlAn v4.2
metaphlan42	marine3	class	Bray-Curtis distance	0.0735772551390922	MetaPhlAn v4.2
metaphlan42	marine3	order	Bray-Curtis distance	0.0814115649062268	MetaPhlAn v4.2
metaphlan42	marine3	family	Bray-Curtis distance	0.100464218079584	MetaPhlAn v4.2
metaphlan42	marine3	genus	Bray-Curtis distance	0.118611545566001	MetaPhlAn v4.2
metaphlan42	marine3	species	Bray-Curtis distance	0.182490643585762	MetaPhlAn v4.2
singlem	marine4	kingdom	Bray-Curtis distance	0.00238908902524369	SingleM
singlem	marine4	phylum	Bray-Curtis distance	0.0168084648004516	SingleM
singlem	marine4	class	Bray-Curtis distance	0.0166844539086466	SingleM
singlem	marine4	order	Bray-Curtis distance	0.0223481445490272	SingleM
singlem	marine4	family	Bray-Curtis distance	0.0296180525878781	SingleM
singlem	marine4	genus	Bray-Curtis distance	0.0420054095463891	SingleM
singlem	marine4	species	Bray-Curtis distance	0.150770237706457	SingleM
metaphlan	marine4	kingdom	Bray-Curtis distance	0.00130588663442319	MetaPhlAn
metaphlan	marine4	phylum	Bray-Curtis distance	0.0774623723120773	MetaPhlAn
metaphlan	marine4	class	Bray-Curtis distance	0.0832632376007482	MetaPhlAn
metaphlan	marine4	order	Bray-Curtis distance	0.0990051354332845	MetaPhlAn
metaphlan	marine4	family	Bray-Curtis distance	0.114715357710322	MetaPhlAn
metaphlan	marine4	genus	Bray-Curtis distance	0.17688571130551	MetaPhlAn
metaphlan	marine4	species	Bray-Curtis distance	0.225712101733216	MetaPhlAn
kraken	marine4	kingdom	Bray-Curtis distance	0.00535640994188771	Kraken2
kraken	marine4	phylum	Bray-Curtis distance	0.116361182320334	Kraken2
kraken	marine4	class	Bray-Curtis distance	0.125314839347981	Kraken2
kraken	marine4	order	Bray-Curtis distance	0.160161442277863	Kraken2
kraken	marine4	family	Bray-Curtis distance	0.177703696176389	Kraken2
kraken	marine4	genus	Bray-Curtis distance	0.198545050620371	Kraken2
kraken	marine4	species	Bray-Curtis distance	0.258491773897899	Kraken2
sourmash	marine4	kingdom	Bray-Curtis distance	0.00562879800158924	sourmash
sourmash	marine4	phylum	Bray-Curtis distance	0.14445007583034	sourmash
sourmash	marine4	class	Bray-Curtis distance	0.155066281181854	sourmash
sourmash	marine4	order	Bray-Curtis distance	0.18681615200344	sourmash
sourmash	marine4	family	Bray-Curtis distance	0.214012310261845	sourmash
sourmash	marine4	genus	Bray-Curtis distance	0.250679975962544	sourmash
sourmash	marine4	species	Bray-Curtis distance	0.298403130214226	sourmash
metabuli	marine4	kingdom	Bray-Curtis distance	0.00573812369244975	Metabuli
metabuli	marine4	phylum	Bray-Curtis distance	0.159194162393885	Metabuli
metabuli	marine4	class	Bray-Curtis distance	0.171721594168395	Metabuli
metabuli	marine4	order	Bray-Curtis distance	0.240948779219057	Metabuli
metabuli	marine4	family	Bray-Curtis distance	0.268827846344917	Metabuli
metabuli	marine4	genus	Bray-Curtis distance	0.373438521312428	Metabuli
metabuli	marine4	species	Bray-Curtis distance	0.653455434148099	Metabuli
sylph	marine4	kingdom	Bray-Curtis distance	0.000407351747538602	sylph
sylph	marine4	phylum	Bray-Curtis distance	0.0194348316254155	sylph
sylph	marine4	class	Bray-Curtis distance	0.0256032417089331	sylph
sylph	marine4	order	Bray-Curtis distance	0.0302261866392379	sylph
sylph	marine4	family	Bray-Curtis distance	0.0310696445992848	sylph
sylph	marine4	genus	Bray-Curtis distance	0.0342893076404425	sylph
sylph	marine4	species	Bray-Curtis distance	0.0407522469088703	sylph
metaphlan42	marine4	kingdom	Bray-Curtis distance	0.00130588663442326	MetaPhlAn v4.2
metaphlan42	marine4	phylum	Bray-Curtis distance	0.0774623723120774	MetaPhlAn v4.2
metaphlan42	marine4	class	Bray-Curtis distance	0.0832632376007483	MetaPhlAn v4.2
metaphlan42	marine4	order	Bray-Curtis distance	0.0990051354332845	MetaPhlAn v4.2
metaphlan42	marine4	family	Bray-Curtis distance	0.114715357710322	MetaPhlAn v4.2
metaphlan42	marine4	genus	Bray-Curtis distance	0.17688571130551	MetaPhlAn v4.2
metaphlan42	marine4	species	Bray-Curtis distance	0.225712101733216	MetaPhlAn v4.2
singlem	marine5	kingdom	Bray-Curtis distance	0.00233517734603584	SingleM
singlem	marine5	phylum	Bray-Curtis distance	0.0192003134671685	SingleM
singlem	marine5	class	Bray-Curtis distance	0.0208747680756899	SingleM
singlem	marine5	order	Bray-Curtis distance	0.0305408035796647	SingleM
singlem	marine5	family	Bray-Curtis distance	0.0363196294230995	SingleM
singlem	marine5	genus	Bray-Curtis distance	0.0543928494207631	SingleM
singlem	marine5	species	Bray-Curtis distance	0.177081353697622	SingleM
metaphlan	marine5	kingdom	Bray-Curtis distance	0.00157653168327761	MetaPhlAn
metaphlan	marine5	phylum	Bray-Curtis distance	0.0704306862367774	MetaPhlAn
metaphlan	marine5	class	Bray-Curtis distance	0.0786236649830624	MetaPhlAn
metaphlan	marine5	order	Bray-Curtis distance	0.107278260569919	MetaPhlAn
metaphlan	marine5	family	Bray-Curtis distance	0.120244046491791	MetaPhlAn
metaphlan	marine5	genus	Bray-Curtis distance	0.13867881847317	MetaPhlAn
metaphlan	marine5	species	Bray-Curtis distance	0.246584242999944	MetaPhlAn
kraken	marine5	kingdom	Bray-Curtis distance	0.00557287237854362	Kraken2
kraken	marine5	phylum	Bray-Curtis distance	0.12620842286093	Kraken2
kraken	marine5	class	Bray-Curtis distance	0.142871727908571	Kraken2
kraken	marine5	order	Bray-Curtis distance	0.176583824114315	Kraken2
kraken	marine5	family	Bray-Curtis distance	0.1976925318585	Kraken2
kraken	marine5	genus	Bray-Curtis distance	0.215288227353893	Kraken2
kraken	marine5	species	Bray-Curtis distance	0.280508041772147	Kraken2
sourmash	marine5	kingdom	Bray-Curtis distance	0.00549038046915849	sourmash
sourmash	marine5	phylum	Bray-Curtis distance	0.120307627271688	sourmash
sourmash	marine5	class	Bray-Curtis distance	0.143528385872116	sourmash
sourmash	marine5	order	Bray-Curtis distance	0.180327891332471	sourmash
sourmash	marine5	family	Bray-Curtis distance	0.208601726445771	sourmash
sourmash	marine5	genus	Bray-Curtis distance	0.25603938488802	sourmash
sourmash	marine5	species	Bray-Curtis distance	0.321664066694157	sourmash
metabuli	marine5	kingdom	Bray-Curtis distance	0.00600168934351526	Metabuli
metabuli	marine5	phylum	Bray-Curtis distance	0.176642311714815	Metabuli
metabuli	marine5	class	Bray-Curtis distance	0.19655502839395	Metabuli
metabuli	marine5	order	Bray-Curtis distance	0.239274636068131	Metabuli
metabuli	marine5	family	Bray-Curtis distance	0.25807095755752	Metabuli
metabuli	marine5	genus	Bray-Curtis distance	0.326250319767805	Metabuli
metabuli	marine5	species	Bray-Curtis distance	0.503098753661888	Metabuli
sylph	marine5	kingdom	Bray-Curtis distance	4.80795776485754e-05	sylph
sylph	marine5	phylum	Bray-Curtis distance	0.00614843437761019	sylph
sylph	marine5	class	Bray-Curtis distance	0.00620102023565384	sylph
sylph	marine5	order	Bray-Curtis distance	0.0073651564498998	sylph
sylph	marine5	family	Bray-Curtis distance	0.00920790525628921	sylph
sylph	marine5	genus	Bray-Curtis distance	0.0125260052868151	sylph
sylph	marine5	species	Bray-Curtis distance	0.0229042460943641	sylph
metaphlan42	marine5	kingdom	Bray-Curtis distance	0.0015764384529051	MetaPhlAn v4.2
metaphlan42	marine5	phylum	Bray-Curtis distance	0.0704295848090859	MetaPhlAn v4.2
metaphlan42	marine5	class	Bray-Curtis distance	0.0786225607946678	MetaPhlAn v4.2
metaphlan42	marine5	order	Bray-Curtis distance	0.107278391951054	MetaPhlAn v4.2
metaphlan42	marine5	family	Bray-Curtis distance	0.120242776373504	MetaPhlAn v4.2
metaphlan42	marine5	genus	Bray-Curtis distance	0.13867756388555	MetaPhlAn v4.2
metaphlan42	marine5	species	Bray-Curtis distance	0.246584322803052	MetaPhlAn v4.2
singlem	marine6	kingdom	Bray-Curtis distance	0.00363736692627533	SingleM
singlem	marine6	phylum	Bray-Curtis distance	0.0102602441225279	SingleM
singlem	marine6	class	Bray-Curtis distance	0.0121659942504114	SingleM
singlem	marine6	order	Bray-Curtis distance	0.0216990065257288	SingleM
singlem	marine6	family	Bray-Curtis distance	0.0305301701582445	SingleM
singlem	marine6	genus	Bray-Curtis distance	0.0440809597615136	SingleM
singlem	marine6	species	Bray-Curtis distance	0.123204915499147	SingleM
metaphlan	marine6	kingdom	Bray-Curtis distance	0.00241584930535398	MetaPhlAn
metaphlan	marine6	phylum	Bray-Curtis distance	0.0662381501764622	MetaPhlAn
metaphlan	marine6	class	Bray-Curtis distance	0.0954739367638747	MetaPhlAn
metaphlan	marine6	order	Bray-Curtis distance	0.113042100368767	MetaPhlAn
metaphlan	marine6	family	Bray-Curtis distance	0.125988060487583	MetaPhlAn
metaphlan	marine6	genus	Bray-Curtis distance	0.151498879950616	MetaPhlAn
metaphlan	marine6	species	Bray-Curtis distance	0.238359639996377	MetaPhlAn
kraken	marine6	kingdom	Bray-Curtis distance	0.00745946497089745	Kraken2
kraken	marine6	phylum	Bray-Curtis distance	0.176580261315798	Kraken2
kraken	marine6	class	Bray-Curtis distance	0.195694771020349	Kraken2
kraken	marine6	order	Bray-Curtis distance	0.215510321059708	Kraken2
kraken	marine6	family	Bray-Curtis distance	0.229452649769195	Kraken2
kraken	marine6	genus	Bray-Curtis distance	0.251474150200815	Kraken2
kraken	marine6	species	Bray-Curtis distance	0.293130675416363	Kraken2
sourmash	marine6	kingdom	Bray-Curtis distance	0.00678393182968705	sourmash
sourmash	marine6	phylum	Bray-Curtis distance	0.195348635524366	sourmash
sourmash	marine6	class	Bray-Curtis distance	0.218580664542773	sourmash
sourmash	marine6	order	Bray-Curtis distance	0.242692560154838	sourmash
sourmash	marine6	family	Bray-Curtis distance	0.257803426541467	sourmash
sourmash	marine6	genus	Bray-Curtis distance	0.297520189895872	sourmash
sourmash	marine6	species	Bray-Curtis distance	0.348379314794271	sourmash
metabuli	marine6	kingdom	Bray-Curtis distance	0.00867248988050569	Metabuli
metabuli	marine6	phylum	Bray-Curtis distance	0.229352313818253	Metabuli
metabuli	marine6	class	Bray-Curtis distance	0.258192370440228	Metabuli
metabuli	marine6	order	Bray-Curtis distance	0.28383478678851	Metabuli
metabuli	marine6	family	Bray-Curtis distance	0.303611195320559	Metabuli
metabuli	marine6	genus	Bray-Curtis distance	0.389022378945133	Metabuli
metabuli	marine6	species	Bray-Curtis distance	0.546482581114497	Metabuli
sylph	marine6	kingdom	Bray-Curtis distance	8.35970813507625e-05	sylph
sylph	marine6	phylum	Bray-Curtis distance	0.00467912266395291	sylph
sylph	marine6	class	Bray-Curtis distance	0.00497048337708491	sylph
sylph	marine6	order	Bray-Curtis distance	0.0076224917707207	sylph
sylph	marine6	family	Bray-Curtis distance	0.00937002539837989	sylph
sylph	marine6	genus	Bray-Curtis distance	0.0127203466475592	sylph
sylph	marine6	species	Bray-Curtis distance	0.0183721024435873	sylph
metaphlan42	marine6	kingdom	Bray-Curtis distance	0.00241584930535398	MetaPhlAn v4.2
metaphlan42	marine6	phylum	Bray-Curtis distance	0.0662381501764622	MetaPhlAn v4.2
metaphlan42	marine6	class	Bray-Curtis distance	0.0954739367638747	MetaPhlAn v4.2
metaphlan42	marine6	order	Bray-Curtis distance	0.113042100368767	MetaPhlAn v4.2
metaphlan42	marine6	family	Bray-Curtis distance	0.125988060487583	MetaPhlAn v4.2
metaphlan42	marine6	genus	Bray-Curtis distance	0.151498879950616	MetaPhlAn v4.2
metaphlan42	marine6	species	Bray-Curtis distance	0.238359639996377	MetaPhlAn v4.2
singlem	marine7	kingdom	Bray-Curtis distance	0.00169595460126274	SingleM
singlem	marine7	phylum	Bray-Curtis distance	0.0480720956581721	SingleM
singlem	marine7	class	Bray-Curtis distance	0.0500677893957604	SingleM
singlem	marine7	order	Bray-Curtis distance	0.0522511432913639	SingleM
singlem	marine7	family	Bray-Curtis distance	0.0568033578774613	SingleM
singlem	marine7	genus	Bray-Curtis distance	0.0708163717686271	SingleM
singlem	marine7	species	Bray-Curtis distance	0.163579911945035	SingleM
metaphlan	marine7	kingdom	Bray-Curtis distance	0.00378293882619849	MetaPhlAn
metaphlan	marine7	phylum	Bray-Curtis distance	0.109211346086166	MetaPhlAn
metaphlan	marine7	class	Bray-Curtis distance	0.127527649547181	MetaPhlAn
metaphlan	marine7	order	Bray-Curtis distance	0.189124721713438	MetaPhlAn
metaphlan	marine7	family	Bray-Curtis distance	0.209447138730605	MetaPhlAn
metaphlan	marine7	genus	Bray-Curtis distance	0.268210395264411	MetaPhlAn
metaphlan	marine7	species	Bray-Curtis distance	0.332524956473922	MetaPhlAn
kraken	marine7	kingdom	Bray-Curtis distance	0.00575195336635541	Kraken2
kraken	marine7	phylum	Bray-Curtis distance	0.116807278340742	Kraken2
kraken	marine7	class	Bray-Curtis distance	0.12524555415495	Kraken2
kraken	marine7	order	Bray-Curtis distance	0.162596750767498	Kraken2
kraken	marine7	family	Bray-Curtis distance	0.179380115234597	Kraken2
kraken	marine7	genus	Bray-Curtis distance	0.20190501294815	Kraken2
kraken	marine7	species	Bray-Curtis distance	0.24461797528465	Kraken2
sourmash	marine7	kingdom	Bray-Curtis distance	0.00563040297875852	sourmash
sourmash	marine7	phylum	Bray-Curtis distance	0.127198578995393	sourmash
sourmash	marine7	class	Bray-Curtis distance	0.134511862139897	sourmash
sourmash	marine7	order	Bray-Curtis distance	0.165452282611429	sourmash
sourmash	marine7	family	Bray-Curtis distance	0.189231224350139	sourmash
sourmash	marine7	genus	Bray-Curtis distance	0.226907825963499	sourmash
sourmash	marine7	species	Bray-Curtis distance	0.277457244144104	sourmash
metabuli	marine7	kingdom	Bray-Curtis distance	0.00518070156646742	Metabuli
metabuli	marine7	phylum	Bray-Curtis distance	0.200037190332406	Metabuli
metabuli	marine7	class	Bray-Curtis distance	0.222152626236897	Metabuli
metabuli	marine7	order	Bray-Curtis distance	0.318733717296945	Metabuli
metabuli	marine7	family	Bray-Curtis distance	0.36856725705193	Metabuli
metabuli	marine7	genus	Bray-Curtis distance	0.499479765398324	Metabuli
metabuli	marine7	species	Bray-Curtis distance	0.677202431171694	Metabuli
sylph	marine7	kingdom	Bray-Curtis distance	7.29768843083589e-05	sylph
sylph	marine7	phylum	Bray-Curtis distance	0.00994567579675817	sylph
sylph	marine7	class	Bray-Curtis distance	0.0100946363803512	sylph
sylph	marine7	order	Bray-Curtis distance	0.011474130117029	sylph
sylph	marine7	family	Bray-Curtis distance	0.0128113431108423	sylph
sylph	marine7	genus	Bray-Curtis distance	0.0150032911325296	sylph
sylph	marine7	species	Bray-Curtis distance	0.0241195647140133	sylph
metaphlan42	marine7	kingdom	Bray-Curtis distance	0.00378293882619842	MetaPhlAn v4.2
metaphlan42	marine7	phylum	Bray-Curtis distance	0.109211346086166	MetaPhlAn v4.2
metaphlan42	marine7	class	Bray-Curtis distance	0.127527649547181	MetaPhlAn v4.2
metaphlan42	marine7	order	Bray-Curtis distance	0.189124721713438	MetaPhlAn v4.2
metaphlan42	marine7	family	Bray-Curtis distance	0.209447138730605	MetaPhlAn v4.2
metaphlan42	marine7	genus	Bray-Curtis distance	0.268210395264411	MetaPhlAn v4.2
metaphlan42	marine7	species	Bray-Curtis distance	0.332524956473922	MetaPhlAn v4.2
singlem	marine8	kingdom	Bray-Curtis distance	0.00244427239157361	SingleM
singlem	marine8	phylum	Bray-Curtis distance	0.0124707610660082	SingleM
singlem	marine8	class	Bray-Curtis distance	0.0136070283951521	SingleM
singlem	marine8	order	Bray-Curtis distance	0.025399206518903	SingleM
singlem	marine8	family	Bray-Curtis distance	0.0309896066331239	SingleM
singlem	marine8	genus	Bray-Curtis distance	0.0444699278308973	SingleM
singlem	marine8	species	Bray-Curtis distance	0.120733654548504	SingleM
metaphlan	marine8	kingdom	Bray-Curtis distance	0.00313590604325265	MetaPhlAn
metaphlan	marine8	phylum	Bray-Curtis distance	0.0327431679276606	MetaPhlAn
metaphlan	marine8	class	Bray-Curtis distance	0.0525205926179235	MetaPhlAn
metaphlan	marine8	order	Bray-Curtis distance	0.0712455115618793	MetaPhlAn
metaphlan	marine8	family	Bray-Curtis distance	0.0786691386831175	MetaPhlAn
metaphlan	marine8	genus	Bray-Curtis distance	0.0967422790332852	MetaPhlAn
metaphlan	marine8	species	Bray-Curtis distance	0.140346998308372	MetaPhlAn
kraken	marine8	kingdom	Bray-Curtis distance	0.00779290604325264	Kraken2
kraken	marine8	phylum	Bray-Curtis distance	0.143878073613785	Kraken2
kraken	marine8	class	Bray-Curtis distance	0.156612743422126	Kraken2
kraken	marine8	order	Bray-Curtis distance	0.190095066500986	Kraken2
kraken	marine8	family	Bray-Curtis distance	0.217941457154692	Kraken2
kraken	marine8	genus	Bray-Curtis distance	0.239374022824063	Kraken2
kraken	marine8	species	Bray-Curtis distance	0.254092656651111	Kraken2
sourmash	marine8	kingdom	Bray-Curtis distance	0.00757897642448427	sourmash
sourmash	marine8	phylum	Bray-Curtis distance	0.150485790708799	sourmash
sourmash	marine8	class	Bray-Curtis distance	0.16135029691173	sourmash
sourmash	marine8	order	Bray-Curtis distance	0.208355040499249	sourmash
sourmash	marine8	family	Bray-Curtis distance	0.233715627374056	sourmash
sourmash	marine8	genus	Bray-Curtis distance	0.270398619542076	sourmash
sourmash	marine8	species	Bray-Curtis distance	0.316772750124676	sourmash
metabuli	marine8	kingdom	Bray-Curtis distance	0.00948962631348562	Metabuli
metabuli	marine8	phylum	Bray-Curtis distance	0.177263099525728	Metabuli
metabuli	marine8	class	Bray-Curtis distance	0.197115573893223	Metabuli
metabuli	marine8	order	Bray-Curtis distance	0.257997204857867	Metabuli
metabuli	marine8	family	Bray-Curtis distance	0.275866976543055	Metabuli
metabuli	marine8	genus	Bray-Curtis distance	0.396113529967645	Metabuli
metabuli	marine8	species	Bray-Curtis distance	0.530657874262205	Metabuli
sylph	marine8	kingdom	Bray-Curtis distance	0.000385893439953104	sylph
sylph	marine8	phylum	Bray-Curtis distance	0.0039569193965479	sylph
sylph	marine8	class	Bray-Curtis distance	0.00445062232204744	sylph
sylph	marine8	order	Bray-Curtis distance	0.00853940981576305	sylph
sylph	marine8	family	Bray-Curtis distance	0.010540922669842	sylph
sylph	marine8	genus	Bray-Curtis distance	0.0136790376095405	sylph
sylph	marine8	species	Bray-Curtis distance	0.0180799846596341	sylph
metaphlan42	marine8	kingdom	Bray-Curtis distance	0.00313591780884328	MetaPhlAn v4.2
metaphlan42	marine8	phylum	Bray-Curtis distance	0.0327441503407947	MetaPhlAn v4.2
metaphlan42	marine8	class	Bray-Curtis distance	0.0525205471636399	MetaPhlAn v4.2
metaphlan42	marine8	order	Bray-Curtis distance	0.0712452214474714	MetaPhlAn v4.2
metaphlan42	marine8	family	Bray-Curtis distance	0.0786688237963294	MetaPhlAn v4.2
metaphlan42	marine8	genus	Bray-Curtis distance	0.0967419309784436	MetaPhlAn v4.2
metaphlan42	marine8	species	Bray-Curtis distance	0.140347254086807	MetaPhlAn v4.2
singlem	marine9	kingdom	Bray-Curtis distance	0.00280457497431486	SingleM
singlem	marine9	phylum	Bray-Curtis distance	0.0274307779960349	SingleM
singlem	marine9	class	Bray-Curtis distance	0.028311891460816	SingleM
singlem	marine9	order	Bray-Curtis distance	0.037458022839719	SingleM
singlem	marine9	family	Bray-Curtis distance	0.0409413371340179	SingleM
singlem	marine9	genus	Bray-Curtis distance	0.0548664717974122	SingleM
singlem	marine9	species	Bray-Curtis distance	0.150311001539348	SingleM
metaphlan	marine9	kingdom	Bray-Curtis distance	0.00589779688738613	MetaPhlAn
metaphlan	marine9	phylum	Bray-Curtis distance	0.103328435708399	MetaPhlAn
metaphlan	marine9	class	Bray-Curtis distance	0.108120009676345	MetaPhlAn
metaphlan	marine9	order	Bray-Curtis distance	0.142477269081277	MetaPhlAn
metaphlan	marine9	family	Bray-Curtis distance	0.155966256719549	MetaPhlAn
metaphlan	marine9	genus	Bray-Curtis distance	0.181148958618172	MetaPhlAn
metaphlan	marine9	species	Bray-Curtis distance	0.255759153518258	MetaPhlAn
kraken	marine9	kingdom	Bray-Curtis distance	0.00864539464865644	Kraken2
kraken	marine9	phylum	Bray-Curtis distance	0.147925772205381	Kraken2
kraken	marine9	class	Bray-Curtis distance	0.149894574764333	Kraken2
kraken	marine9	order	Bray-Curtis distance	0.188282570909822	Kraken2
kraken	marine9	family	Bray-Curtis distance	0.204062918754605	Kraken2
kraken	marine9	genus	Bray-Curtis distance	0.219114274850094	Kraken2
kraken	marine9	species	Bray-Curtis distance	0.280743653440708	Kraken2
sourmash	marine9	kingdom	Bray-Curtis distance	0.00574912958841543	sourmash
sourmash	marine9	phylum	Bray-Curtis distance	0.158049256591522	sourmash
sourmash	marine9	class	Bray-Curtis distance	0.161991587697403	sourmash
sourmash	marine9	order	Bray-Curtis distance	0.209202721353653	sourmash
sourmash	marine9	family	Bray-Curtis distance	0.22677031590151	sourmash
sourmash	marine9	genus	Bray-Curtis distance	0.261259349608046	sourmash
sourmash	marine9	species	Bray-Curtis distance	0.304331596159991	sourmash
metabuli	marine9	kingdom	Bray-Curtis distance	0.00922598788292084	Metabuli
metabuli	marine9	phylum	Bray-Curtis distance	0.197469470837614	Metabuli
metabuli	marine9	class	Bray-Curtis distance	0.2048559533897	Metabuli
metabuli	marine9	order	Bray-Curtis distance	0.257069150209673	Metabuli
metabuli	marine9	family	Bray-Curtis distance	0.283707430646544	Metabuli
metabuli	marine9	genus	Bray-Curtis distance	0.368034511789824	Metabuli
metabuli	marine9	species	Bray-Curtis distance	0.575025546180394	Metabuli
sylph	marine9	kingdom	Bray-Curtis distance	0.000525263907871889	sylph
sylph	marine9	phylum	Bray-Curtis distance	0.00274663631781158	sylph
sylph	marine9	class	Bray-Curtis distance	0.003422553118128	sylph
sylph	marine9	order	Bray-Curtis distance	0.00541477055013126	sylph
sylph	marine9	family	Bray-Curtis distance	0.0069524349429426	sylph
sylph	marine9	genus	Bray-Curtis distance	0.0099237949308968	sylph
sylph	marine9	species	Bray-Curtis distance	0.0356046228008557	sylph
metaphlan42	marine9	kingdom	Bray-Curtis distance	0.0058977968873862	MetaPhlAn v4.2
metaphlan42	marine9	phylum	Bray-Curtis distance	0.103328435708399	MetaPhlAn v4.2
metaphlan42	marine9	class	Bray-Curtis distance	0.108120009676345	MetaPhlAn v4.2
metaphlan42	marine9	order	Bray-Curtis distance	0.142477269081277	MetaPhlAn v4.2
metaphlan42	marine9	family	Bray-Curtis distance	0.155966256719549	MetaPhlAn v4.2
metaphlan42	marine9	genus	Bray-Curtis distance	0.181148958618172	MetaPhlAn v4.2
metaphlan42	marine9	species	Bray-Curtis distance	0.255759153518258	MetaPhlAn v4.2
