MIKI-NS02	0.45830473581560344
MIKI-NS03	0.028605042997790684
MIKI-NS06	0.22246980676021155
MIKI-NS08	0.0049439218012825945
MIKI-NS09	0.01970885800405159
MIKI-NS10	1.3437029603612645
MIKI-NS11	0.022214463233837384
MIKI-NS12	1.9702465072479018
MIKI-NS13	2.65204506091349
MIKI-NS14	0.8938925534292267
MIKI-NS15	1.3620908877684723
MIKI-NS20	1.1111597908593727
MIKI-NS23	3.038790695595826
MIKI-NS24	0.18036213360854017
MIKI-NS25	9.75962779829369
SP100_S81	0.9630597719219861
SP101_S82	0.27884950427536415
SP102_S82	0.3857977968876099
SP103_S83	17.95259485863141
SP105_S84	2.699102670644257
SP106_S85	0.9923452754182409
SP107_S86	0.05078298880796941
SP108_S87	0.00015486892410493505
SP109_S83	1.2766179462908167
SP10_S7	0.8434961301350131
SP110_S88	0.03236953396278765
SP111_S89	0.06459597504194452
SP112_S90	0.8709797007011016
SP113_S91	3.1070316367061372
SP114_S92	0.05025929570577333
SP115_S93	0.0019102056409841968
SP116_S94	0.09805109783453107
SP117_S95	0.7293359291509905
SP118_S96	0.2778283312302537
SP119_S1	0.20242583451524254
SP11_S8	13.623188265488388
SP120_S2	0.9473705505904929
SP121_S3	0.007648827420324715
SP122_S4	0.168017457423625
SP124_S6	0.11159344816025399
SP125_S84	0.0777044729195446
SP126_S7	0.02470254640834956
SP127_S8	0.006716776414575016
SP128_S9	0.10163954622860652
SP129_S10	0.006950034183324157
SP12_S9	0.5968009414211187
SP130_S11	0.15973856410532924
SP131_S12	0.39337142698060285
SP132_S13	0.0949080032085802
SP133_S14	0.11210418858817532
SP134_S15	1.3821652126708424
SP135_S16	0.06061980839671779
SP136_S17	0.11967051601102205
SP137_S18	0.09727999245343089
SP138_S19	0.054119028212931734
SP139_S20	7.290976299023022
SP13_S10	0.26996175541798245
SP140_S21	0.029882359353225463
SP141_S22	0.41905368130702314
SP142_S23	0.06696262854519808
SP143_S24	0.45793948103173526
SP144_S25	0.01244027582695287
SP145_S26	0.012940244011828559
SP146_S27	0.49700944226857335
SP147_S28	1.9981202222511065
SP148_S29	0.7347054994338832
SP149_S30	2.8731335514996887
SP14_S11	5.31306570533987
SP150_S31	0.007847662779893684
SP151_S32	2.8564351094110694
SP152_S33	0.7476303653407455
SP153_S34	0.20106451101228417
SP154_S35	0.10850888167860372
SP155_S36	0.031947003631261225
SP156_S37	0.2668872293258573
SP157_S38	0.12933206263401906
SP158_S39	0.010781703904039798
SP159_S40	1.0699180927847158
SP15_S89	0.5637415737039909
SP160_S41	0.30449303230178254
SP161_S42	0.4617113163161406
SP162_S43	0.42160655401966385
SP163_S44	0.34765650059662045
SP164_S45	3.850456382859717
SP165_S46	0.2166130834302392
SP166_S47	0.46013128428678934
SP167_S48	0.002904616743082292
SP168_S49	0.04715255709746005
SP169_S50	0.10201078444769122
SP16_S12	0.9400003620655153
SP170_S51	0.06811601587098223
SP171_S52	0.30272209149068063
SP172_S53	1.1093077325093987
SP173_S54	0.8260065910279328
SP174_S55	0.16363180435586447
SP176_S56	0.01863435147321422
SP177_S57	0.18981387821161239
SP178_S58	0.16546428936827023
SP179_S59	0.10566058598016993
SP17_S90	0.0930764206401045
SP180_S96	0.7073566171347995
SP181_S61	0.050015618172903245
SP182_S62	0.06491492432697779
SP184_S64	1.0584680193676346
SP185_S65	0.12874999254919026
SP187_S66	0.28362885663265774
SP188_S67	0.1739456048714572
SP189_S68	0.06763154335181928
SP18_S91	0.3421845190937225
SP190_S69	0.04615365929692592
SP191_S70	0.25688205469653275
SP192_S71	0.15965101286406747
SP194_S73	0.032134833867777816
SP195_S74	0.5106793289481174
SP196_S75	0.5263344870636717
SP198_S01	1.7723173822500966
SP1_S85	0.33680658385259604
SP20_S77	0.20760406653319827
SP21_S92	0.26684783991733574
SP22_S78	0.43194069127488294
SP23_S93	0.1752431387730616
SP24_S13	0.07408805061489261
SP25_S14	13.232647165397614
SP27_S15	0.044983029129919166
SP2_S86	21.742291733254053
SP30_S17	0.009236635382375057
SP31_S18	0.027192762336211315
SP32_S19	0.006988950801589867
SP33_S20	0.057277156513797736
SP34_S21	1.391634848910284
SP35_S22	1.495355836514594
SP36_S23	36.574569214507086
SP38_S25	0.046823649881628064
SP39_S26	1.6925229991555288
SP3_S87	0.006613500653266898
SP40_S27	2.1640091651047886
SP41_S28	0.1547700723091646
SP42_S29	0.2046426330588627
SP43_S30	0.013212690789503318
SP44_S31	0.4784819884138481
SP45_S32	0.006086830080341326
SP46_S33	0.027557932091453657
SP47_S34	0.12605147693765925
SP48_S35	0.42352281226626776
SP49_S36	0.15390437621847036
SP4_S3	0.02008607406523465
SP50_S37	0.18137736500356422
SP52_S38	0.16486096479973072
SP53_S39	0.07736229812405702
SP54_S40	0.4701923204878171
SP55_S41	0.08968021127365089
SP56_S42	14.814597804528637
SP57_S43	0.12427417889186826
SP58_S44	0.01595886968645634
SP59_S47	1.1803098038221604
SP60_S48	0.08368141420575688
SP61_S45	0.11888997942346627
SP62_S46	33.10188813833788
SP63_S49	0.8986633749578422
SP64_S79	4.455860007349217
SP65_S80	3.887961129453665
SP67_S50	0.004637089762465077
SP68_S51	0.5550976864371394
SP69_S52	0.8310968513157907
SP6_S88	0.002731033451805884
SP70_S53	0.09660999139947307
SP71_S54	0.0027810928621544006
SP72_S55	0.13410938228043695
SP73_S56	0.002341231575604952
SP74_S57	0.005604639631770127
SP75_S58	0.4058358805277646
SP76_S59	0.06274831907090464
SP77_S60	0.018030440151356356
SP78_S61	1.5048663201407282
SP79_S62	1.9597529447701925
SP7_S4	0.9304431183691617
SP80_S63	0.03744624416121388
SP81_S64	2.974098434095583
SP82_S65	0.9228114578242631
SP83_S66	0.8059846607479009
SP84_S67	0.050291993089561296
SP85_S68	0.7034304091823517
SP86_S69	0.02678890344088582
SP87_S70	0.02302846208254059
SP88_S94	0.20758673576940825
SP8_S5	0.2771797734763955
SP91_S72	0.04010871286552333
SP92_S73	0.060104306316648794
SP93_S74	0.23281862087082536
SP94_S75	0.882997322238697
SP95_S76	0.264307397246664
SP96_S77	0.03627321762822998
SP97_S78	0.01926774599235862
SP99_S80	0.8517395552211903
SP9_S6	0.1091106927476958
spades_And10026_S11_L001	45.12627479650426
spades_And10054_S9_L001	0.00868895154080263
spades_And10062_S12_L001	0.036877121445693654
spades_And10073_S10_L001	0.01040597005367651
spades_And10925_S5_L001	0.01009153574664016
spades_And11624_S6_L001	0.1292674481831817
spades_And12875_S7_L001	0.012398612508758322
spades_And4180_S6_L001	0.07642988513412508
spades_And4191_S5_L001	0.03277284510168794
spades_And4246_S5_L001	0.0017019423771951069
spades_And4355_S8_L001	0.3314613665165103
spades_And4366_S2_L001	0.8908187341303048
spades_AND4471_S1_L001	3.280960003636321
spades_And4500_S1_L001	7.6145188118003615
spades_And4543_S2_L001	20.199956615282705
spades_And4613_S9_L001	0.07684206547634694
spades_And4621_S3_L001	0.07367683648573568
spades_And4858_S9_L001	2.334283829446169
spades_And4892_S4_L001	0.02363191868729418
spades_And4902_S2_L001	0.9030087659946044
spades_And4955_S10_L001	0.02670386837352031
spades_And5042_S4_L001	0.04972833907915151
spades_And5141_S4_L001	0.00862564366028432
spades_And5192_S3_L001	1.584184126081434
spades_And5213_S1_L001	0.12325816906036718
spades_And5232_S2_L001	0.09617349232164894
spades_And5237_S4_L001	0.0054467915707874445
spades_And5284_S5_L001	0.027746243472842675
spades_And5315_S3_L001	0.5366683249746469
spades_And5331_S1_L001	0.062114402717860735
spades_And5388_S8_L001	0.06298964157636437
spades_And5444_S7_L001	0.48353656782211524
spades_And5527_S8_L001	0.8852913963492045
spades_And5533_S9_L001	0.19541815329298362
spades_And6098_S1_L001	5.122112843982858
spades_And6100_S3_L001	0.16681709445728454
spades_And6166_S1_L001	0.04856797321859613
spades_And6241_S2_L001	5.2345250051896155
spades_And6342_S10_L001	0.0640715038815145
spades_And6399_S9_L001	0.0090464519711387
spades_And6400_S11_L001	11.870406427274242
spades_And6442_S8_L001	1.2419443460268031
spades_And6884_S7_L001	1.2615150573095442
spades_And7051_S7_L001	0.3430392205851422
spades_And7187_S3_L001	0.6276556511929939
spades_And7225_S6_L001	0.13447657438449462
spades_And7556_S8_L001	0.2406411859845335
spades_AND8064_S11_L001	0.04518137210588666
spades_AND8281_S12_L001	2.8195565651140035
spades_AND8302_S10_L001	0.032481605584870885
spades_And8344_S10_L001	0.32509084456219267
spades_And8381_S10_L001	1.779166164997001
spades_And8382_S4_L001	0.04832128824554462
spades_And8388_S5_L001	0.014463475409934475
spades_And8423_S6_L001	2.5935392675893563
spades_And8454_S5_L001	0.05722999242177257
spades_And8457_S3_L001	0.0842577434631759
spades_And8655_S10_L001	0.02999147385243338
spades_And8688_S9_L001	0.6540971876461154
spades_And8861_S3_L001	0.46945730508103717
spades_And8909_S4_L001	0.038792391570144455
spades_And8926_S4_L001	0.034270935352830705
spades_And9053_S12_L001	0.4643069831175271
spades_And9076_S11_L001	2.6243750976130125
spades_And9183_S10_L001	0.1079330290990087
spades_AND9183_S11_L001	0.22195094237375046
spades_And9205_S9_L001	0.13266225709432147
spades_And9353_S7_L001	0.00812461904254889
spades_And9387_S6_L001	0.18320671906081404
spades_And9426_S4_L001	0.3681975377813373
spades_And9454_S3_L001	0.005379811075381195
spades_And9653_S7_L001	0.0667315657221345
spades_And9693_S1_L001	0.6547156355958835
spades_And9722_S8_L001	0.582576258086177
spades_And9746_S7_L001	0.30355242740181776
spades_And9855_S12_L001	0.013615965053844445
spades_ESBL10011_S11_L001	1.8875556484302347
spades_ESBL10030_S2_L001	0.4506428487580652
spades_ESBL10055_S8_L001	0.7781634893752946
spades_ESBL10056_S9_L001	0.08902943091944883
spades_ESBL1009_S1_L001	0.5115424249532252
spades_ESBL5402_S6_L001	0.03961073742597035
spades_ESBL5481_S10_L001	8.499334878482706
spades_ESBL5497_S3_L001	4.56994484938082
spades_ESBL5533_S4_L001	0.6326909637088833
spades_ESBL5609_S2_L001	0.06815767141320254
spades_ESBL5613_S5_L001	0.1046247476119975
spades_ESBL5621_S1_L001	0.27745377102017615
spades_ESBL5660_S7_L001	0.7218514453956365
spades_ESBL5717_S8_L001	0.009654397472693284
spades_ESBL5734_S3_L001	0.00894941064290351
spades_ESBL5772_S6_L001	1.3073792832660747
spades_ESBL5780_S5_L001	1.639604751092565
spades_ESBL5784_S3_L001	0.362534681881165
spades_ESBL5786_S5_L001	1.4110680567989209
spades_ESBL5791_S4_L001	0.1202971056173157
spades_ESBL5792_S6_L001	3.62692830411381
spades_ESBL5808_S8_L001	1.3270094991695252
spades_ESBL5817_S7_L001	0.1457265804004347
spades_ESBL5827_S10_L001	2.5475324560862638
spades_ESBL5852_S11_L001	7.050556520547099
spades_ESBL5872_S5_L001	0.04184721835485556
spades_ESBL5909_S5_L001	11.230283152607461
spades_ESBL5911_S4_L001	0.03910643928220406
spades_ESBL6101_S9_L001	0.06767427488963297
spades_ESBL6164_S11_L001	0.5114015506698031
spades_ESBL6200_S12_L001	0.40400777026776435
spades_ESBL6210_S10_L001	0.08927949507972173
spades_ESBL6270_S10_L001	0.016549797932620295
spades_ESBL6351_S5_L001	0.0022175851781275294
spades_ESBL6364_S9_L001	3.147631851520966
spades_ESBL6409_S4_L001	0.1741208013474868
spades_ESBL6418_S2_L001	1.0150190676514903
spades_ESBL6455_S6_L001	0.17941013898881852
spades_ESBL6515_S2_L001	0.07047252896691768
spades_ESBL6620_S4_L001	0.1978559998413185
spades_ESBL6628_S5_L001	1.5218316574417468
spades_ESBL6643_S3_L001	4.348117345049506
spades_ESBL6661_S8_L001	0.18702338148729927
spades_ESBL6724_S11_L001	0.05803242237145146
spades_ESBL6759Q_S12_L001	0.6358761128919315
spades_ESBL6760_S6_L001	0.01748338366687491
spades_ESBL6769_S11_L001	0.17338622796233158
spades_ESBL6792_S10_L001	3.809951365506921
spades_ESBL6983_S3_L001	0.19154143086139272
spades_ESBL6984_S1_L001	0.3690323139759503
spades_ESBL7021_S2_L001	0.38245954330525483
spades_ESBL7234_S12_L001	1.2462028573043535
spades_ESBL7347_S10_L001	0.1351701315609074
spades_ESBL7348_S6_L001	0.0437463640758009
spades_ESBL7359_S3_L001	0.0035556443932773336
spades_ESBL7382_S4_L001	0.2665690536963295
spades_ESBL7388_S7_L001	0.00011523910385463278
spades_ESBL7410_S11_L001	0.08394206943542812
spades_ESBL7424_S8_L001	0.062061691701158175
spades_ESBL7431_S12_L001	0.09727521930754748
spades_ESBL7525_S1_L001	0.7104955395423129
spades_ESBL7531_S9_L001	0.7461861277922222
spades_ESBL7532_S2_L001	2.1486678595613196
spades_ESBL7534_S10_L001	0.0025199604427672937
spades_ESBL7553_S11_L001	0.19142709090868656
spades_ESBL7586_S7_L001	0.08244692782135206
spades_ESBL7634_S2_L001	1.0298916294213365
spades_ESBL7810_S9_L001	0.030779412690331603
spades_ESBL7862_S8_L001	2.7860771168451723
spades_ESBL8075_S12_L001	0.2841270184868502
spades_ESBL8159_S1_L001	0.32147367543494987
spades_ESBL8341_S10_L001	0.07057463421796334
spades_ESBL8411_S7_L001	0.008845062182269554
spades_ESBL8514_S7_L001	0.18956835896175245
spades_ESBL8604_S8_L001	0.058203445808441556
spades_ESBL8855_S12_L001	0.019304885469234038
spades_ESBL8873_S6_L001	0.27447569968672914
spades_ESBL8909_S7_L001	0.7580793802864413
spades_ESBL8953_S1_L001	0.07149496603494494
spades_ESBL8956_S2_L001	0.1829832588405913
spades_ESBL8960_S8_L001	0.04632318530067325
spades_ESBL9044_S9_L001	3.1094127822155095
spades_ESBL9046_S6_L001	0.13251132155336848
spades_ESBL9166_S11_L001	0.028608329037836267
spades_ESBL9224_S2_L001	6.866140418024206
spades_ESBL9250_S3_L001	0.0028067700733538565
spades_ESBL9251_S1_L001	0.6769187296099181
spades_ESBL9318_S2_L001	5.15380600372176
spades_ESBL9336_S1_L001	0.15504148849112873
spades_ESBL9440_S6_L001	0.14556160559859566
spades_ESBL9654_S5_L001	2.6299045475687484
spades_ESBL9656_S7_L001	0.0512325416242343
spades_ESBL9861_S4_L001	0.24778291633649827
spades_ESBL9875_S5_L001	0.035246702844293355
spades_ESBL9915_S6_L001	0.2342620587990892
spades_MRSA7113_S2_L001	1.0373252320947515
spades_MRSA7119_S2_L001	0.032849766341030776
spades_MRSA7124_S4_L001	0.02331841986038456
spades_MRSA7129_S1_L001	0.0021242961056341645
spades_MRSA7129_S8_L001	0.863866055521526
spades_MRSA7133_S3_L001	0.0014883135493939375
spades_MRSA7172_S1_L001	0.02740405034047622
spades_MRSA7231_S7_L001	1.9724835293796175
spades_MRSA7286_S4_L001	0.07943578585702268
spades_MRSA7295_S3_L001	0.18102778019053994
spades_MRSA7796_S10_L001	5.423396982960622
spades_MRSA7830_S9_L001	31.07078828121495
spades_MRSA8007_S12_L001	1.3639704285048242
spades_MRSA8013_S11_L001	1.8116094152576068
spades_MRSA8186_S9_L001	0.046933535083081145
spades_MRSA8187_S8_L001	0.34206019498593504
spades_MRSA8339_S5_L001	0.052706082944397964
spades_MRSA8595_S7_L001	1.1222738538778267
spades_MRSA8602_S6_L001	0.010439380752977621
spades_MRSA8758_S5_L001	0.035899668416316845
spades_MRSA9344_S6_L001	0.41768673925382926
spades_VRE2224_S14_L001	0.12747399978555154
spades_VRE2237_S15_L001	0.03736549666716377
spades_VRE2392_S22_L001	0.25696308297041326
spades_VRE2770_S9_L001	1.0457193722910711
spades_VRE2857_S10_L001	1.5256825162419234
spades_VRE2906_S11_L001	0.0046364511961023485
spades_VRE2941_S2_L001	0.13707488943383428
spades_VRE2943_S1_L001	0.011700681229006308
spades_VRE2961_S3_L001	0.4543302166719436
spades_VRE3021_S4_L001	0.010058069263861087
spades_VRE3043_S21_L001	3.7364988129451455
spades_VRE3056_S20_L001	0.6596885042376274
spades_VRE3253_S17_L001	0.024939560428419744
spades_VRE3277_S16_L001	1.992371365632721
spades_VRE3342_S6_L001	0.023408415472277025
spades_VRE3387_S5_L001	0.1051748906756572
spades_VRE3766_S8_L001	9.183397436687532
spades_VRE3783_S7_L001	0.16561478170241759
spades_VRE3786_S19_L001	0.07870046104230967
spades_VRE3967_S23_L001	0.09104331853727059
