rank,tool2,known,Bray-Curtis distance,Completeness,F1 score,False negatives,False positives,Jaccard index,L1 norm error,Purity,Shannon diversity,Shannon equitability,Sum of abundances,Taxon counts,True positives,Unweighted UniFrac (CAMI),Unweighted UniFrac error,Weighted UniFrac (CAMI),Weighted UniFrac error
,SingleM,0,,,,,,,,,,,,,,1098.2,0.322491114021596,0.519100314256223,0.0036742590155744
,SingleM,10,,,,,,,,,,,,,,1189,0.362407584561902,0.537077789738848,0.00370900215236922
,SingleM,20,,,,,,,,,,,,,,1279.4,0.405298288777926,0.547746357720276,0.0039500641922449
,SingleM,30,,,,,,,,,,,,,,1393.2,0.46072088885531,0.596102261575238,0.00434496120064082
,SingleM,40,,,,,,,,,,,,,,1486.2,0.495859088828989,0.577454990484255,0.00417733237087102
,SingleM,50,,,,,,,,,,,,,,1555.8,0.537711679515941,0.639505686853995,0.00465413559219907
,SingleM,60,,,,,,,,,,,,,,1592,0.573254135468834,0.617420753706318,0.00468661950436143
,SingleM,70,,,,,,,,,,,,,,1754,0.641211611553428,0.697836365021344,0.00519842892936597
,SingleM,80,,,,,,,,,,,,,,1766,0.66742389953097,0.675506603300262,0.00492333944844084
,SingleM,90,,,,,,,,,,,,,,1747.8,0.683853100790601,0.762707191878815,0.00592486715354409
,SingleM,100,,,,,,,,,,,,,,1769.6,0.716408341641796,0.739936182902152,0.00580255667187541
,MetaPhlAn,0,,,,,,,,,,,,,,684,0.1780025233611,1.47194791508268,0.0117903523108369
,MetaPhlAn,10,,,,,,,,,,,,,,823.8,0.227072091571569,1.89824357176576,0.0157125407548373
,MetaPhlAn,20,,,,,,,,,,,,,,883.4,0.25901112318742,2.56174812003906,0.0211345096588736
,MetaPhlAn,30,,,,,,,,,,,,,,1067.2,0.322734653898821,3.04729944016016,0.0255451733803848
,MetaPhlAn,40,,,,,,,,,,,,,,1139.6,0.355336994624964,3.40314885407851,0.0280354615173888
,MetaPhlAn,50,,,,,,,,,,,,,,1298.8,0.425026185973893,3.89874941249456,0.0329432861621399
,MetaPhlAn,60,,,,,,,,,,,,,,1402.4,0.476070274406451,4.08976934088689,0.0354987616510064
,MetaPhlAn,70,,,,,,,,,,,,,,1531,0.530293964686427,4.728104799373,0.0386543333129671
,MetaPhlAn,80,,,,,,,,,,,,,,1672,0.60781197395523,5.19122656880566,0.0442450371185347
,MetaPhlAn,90,,,,,,,,,,,,,,1779.6,0.673304606296679,5.61185990751115,0.046982117865416
,MetaPhlAn,100,,,,,,,,,,,,,,1885,0.737063472527553,5.77180254582421,0.0486117987889471
,Kraken2,0,,,,,,,,,,,,,,21758.674764,6.42215958498449,2.03103848310039,0.0169675499118935
,Kraken2,10,,,,,,,,,,,,,,30200.9016,9.02860269991356,2.40320974617755,0.0203393753275128
,Kraken2,20,,,,,,,,,,,,,,39283.8537380001,12.0800251113506,2.63018497616465,0.02198965649738
,Kraken2,30,,,,,,,,,,,,,,47455.4817980001,14.5899272919253,2.45398347331265,0.0210816371784492
,Kraken2,40,,,,,,,,,,,,,,64717.3933919999,20.2724944827106,2.68365841152008,0.0219547891654831
,Kraken2,50,,,,,,,,,,,,,,73198.4071619998,23.5535300918313,3.25631375700233,0.0281899280025951
,Kraken2,60,,,,,,,,,,,,,,81687.2122119997,26.56455604236,3.26943606090808,0.028049795277921
,Kraken2,70,,,,,,,,,,,,,,103898.196205999,34.0284790749553,3.57294510494714,0.0302042420264519
,Kraken2,80,,,,,,,,,,,,,,130884.166239999,44.6796620835359,3.73457391034616,0.030852413633657
,Kraken2,90,,,,,,,,,,,,,,149341.924053998,52.5451395937269,3.83745316609723,0.0311776629250455
,Kraken2,100,,,,,,,,,,,,,,154758.284633998,56.3527293858632,3.98770486785508,0.0322887158153553
,sourmash,0,,,,,,,,,,,,,,1132.77229412439,0.303146668193691,2.25629784710364,0.018712443119732
,sourmash,10,,,,,,,,,,,,,,1221.9493824772,0.339136581771628,2.67194117047531,0.0225689092361755
,sourmash,20,,,,,,,,,,,,,,1370.95487670178,0.40012876748541,2.94546004563711,0.0246483655337232
,sourmash,30,,,,,,,,,,,,,,1367.55370804783,0.413311544768708,2.8491545093066,0.024418380798874
,sourmash,40,,,,,,,,,,,,,,1496.55605032953,0.464843212640671,3.36744330461775,0.0282973098457646
,sourmash,50,,,,,,,,,,,,,,1631.52634618136,0.531114407676261,4.03019826037413,0.0360151314670793
,sourmash,60,,,,,,,,,,,,,,1721.71695894951,0.578783510307737,3.98713369259649,0.0350645234938274
,sourmash,70,,,,,,,,,,,,,,1843.94058620831,0.637402123313948,4.72061662735482,0.0413989012633528
,sourmash,80,,,,,,,,,,,,,,1877.74831717929,0.676834053143215,4.78922106313011,0.0416941955401243
,sourmash,90,,,,,,,,,,,,,,1954.90030889996,0.741814590138374,5.03738438265455,0.0430217870801166
,sourmash,100,,,,,,,,,,,,,,2044.7110131778,0.798571698344926,5.52743404084555,0.0485357332506618
,Metabuli,0,,,,,,,,,,,,,,52432.4,15.3759463163291,3.70363951074674,0.0294996960854047
,Metabuli,10,,,,,,,,,,,,,,52417,15.4833788872233,3.66422391695644,0.0297754063966097
,Metabuli,20,,,,,,,,,,,,,,52586,15.8721139468849,3.93771156129313,0.0320938254459144
,Metabuli,30,,,,,,,,,,,,,,52724.4,16.1649211600955,3.6935031119057,0.0303400865200297
,Metabuli,40,,,,,,,,,,,,,,52758.2,16.3417310940523,3.65249692293875,0.0293341583795646
,Metabuli,50,,,,,,,,,,,,,,52840,16.8386883215636,4.0861293932082,0.0344004929269304
,Metabuli,60,,,,,,,,,,,,,,52991.6,17.2181685425731,4.1353949400262,0.0347317151275625
,Metabuli,70,,,,,,,,,,,,,,53030.8,17.4717887976646,4.0721612950345,0.0334495193177019
,Metabuli,80,,,,,,,,,,,,,,53187.4,18.1530692409298,3.96900483992225,0.0326647137123105
,Metabuli,90,,,,,,,,,,,,,,53251.2,18.8563827609338,4.14129167394985,0.0337307096088467
,Metabuli,100,,,,,,,,,,,,,,53379.6,19.430218406385,4.18192451582436,0.0345782857633473
,sylph,0,,,,,,,,,,,,,,183.2,0.0390257305969749,0.11528164240842,0.00086244215359149
,sylph,10,,,,,,,,,,,,,,335.8,0.0910531497866325,0.838398568597123,0.0071909749072814
,sylph,20,,,,,,,,,,,,,,494,0.149712705710149,1.3030345125152,0.0109960246808071
,sylph,30,,,,,,,,,,,,,,671.4,0.210663274258687,1.85542877297559,0.0165420175620651
,sylph,40,,,,,,,,,,,,,,882.8,0.288045440663864,2.66111381170773,0.022303258328934
,sylph,50,,,,,,,,,,,,,,1072.6,0.36538268594244,3.30553181118942,0.0291653582984704
,sylph,60,,,,,,,,,,,,,,1258.4,0.437657503151305,3.63498586380111,0.031891823672425
,sylph,70,,,,,,,,,,,,,,1493.4,0.53429704492958,4.32571405136476,0.0359061481620563
,sylph,80,,,,,,,,,,,,,,1642.6,0.611125777687984,4.92949775056642,0.0417226569138106
,sylph,90,,,,,,,,,,,,,,1803,0.698106772906142,5.4651180863737,0.0455333035000429
,sylph,100,,,,,,,,,,,,,,1979.6,0.786705965514216,5.96820924424329,0.0505853842775654
species,SingleM,0,0.134084166970345,0.869905383544309,0.901834830865426,58.8,25.8,0.821494590316986,0.252622163166546,0.936509632900953,4.54860101732379,0.755914819938686,0.883974185543474,413.2,387.4,,,,
species,SingleM,10,0.152658168679908,0.864531374324928,0.888327632100051,56.2,33.2,0.799307707240743,0.261186888676141,0.913970752304359,4.18964350891149,0.705324590562119,0.80850917140212,383.2,350,,,,
species,SingleM,20,0.14612843089358,0.866802330336083,0.883937917105811,50,34.4,0.792171536736311,0.22636582024025,0.902091714073162,3.87290428583456,0.660497459036708,0.7385827543501,354.6,320.2,,,,
species,SingleM,30,0.168460504564518,0.876398460469654,0.87052027480844,41.2,44.4,0.771045624550163,0.239384500305106,0.865058639420412,3.58932135781069,0.619390681720575,0.687757105273011,332,287.6,,,,
species,SingleM,40,0.177029272139678,0.878117312281129,0.84801784541721,36,55.8,0.736550787485142,0.211817059668836,0.820929876770851,3.20207134474619,0.558564776063385,0.590880014184493,311.4,255.6,,,,
species,SingleM,50,0.200070820434313,0.869050805235934,0.82430342281616,32.6,58.8,0.701580927605052,0.209094948814516,0.78427765464387,2.78828049550728,0.497168403754107,0.526936219933125,275,216.2,,,,
species,SingleM,60,0.204638748873519,0.886388418094666,0.818029461725498,24.8,58.4,0.692519808413362,0.197923186335484,0.76005869346329,2.5753377259276,0.469786568104725,0.489234399298885,243,184.6,,,,
species,SingleM,70,0.255254327296457,0.894944034944035,0.760233509496592,17.6,75,0.613338800551289,0.178531120282842,0.661210442295885,2.10392473071224,0.390336688710407,0.382778682489035,222.4,147.4,,,,
species,SingleM,80,0.336187561566923,0.885301922602458,0.694295206083821,15.2,82.8,0.532102086075143,0.18889523303351,0.572261644777621,1.77745879099507,0.33790376385431,0.310951276565989,194.4,111.6,,,,
species,SingleM,90,0.374015789841336,0.843721511934154,0.594369490214348,13.2,85.6,0.423151174946434,0.153822337055539,0.459536060509215,1.42969411132875,0.283004225429341,0.254034787967763,158.4,72.8,,,,
species,SingleM,100,0.500518442578294,0.880890768994773,0.428857385598773,5.4,98.4,0.273130091241339,0.152172474518299,0.283614606471535,1.16589688319338,0.237218428691732,0.2075346177436,137.2,38.8,,,,
species,MetaPhlAn,0,0.203298264416246,0.772769668334765,0.838034975058455,100.8,31.6,0.721469113066778,0.40645416062034,0.915629705075412,4.97054492493417,0.839352548032685,0.999334501483177,377,345.4,,,,
species,MetaPhlAn,10,0.237860746973494,0.785248038664934,0.840853907876368,88.2,33.6,0.725961777682524,0.450361212271633,0.905099111454055,4.89866209863519,0.836717658660467,0.992779597881651,351.6,318,,,,
species,MetaPhlAn,20,0.323256826870098,0.776259554340747,0.825808994332303,82.2,38.2,0.703862454659515,0.574373451044033,0.882183270497328,4.77786627140049,0.827347617198268,0.966409602270592,326.2,288,,,,
species,MetaPhlAn,30,0.373265301981112,0.760593932191146,0.80047928932518,78.2,45,0.668056157267187,0.645276018992608,0.844861025599788,4.69591512081751,0.826602020236476,0.990641558323217,295.6,250.6,,,,
species,MetaPhlAn,40,0.405337454463321,0.781315717320735,0.807748718632306,64.4,45,0.677971188669392,0.642416554350567,0.836263581302505,4.74967182340202,0.848305713819146,0.986527201528897,272.2,227.2,,,,
species,MetaPhlAn,50,0.426828879681462,0.758278445405434,0.780242008609875,60.4,46.2,0.640162749054402,0.637059367182643,0.803624067337292,4.34469699604443,0.797695503120337,0.969378386288478,234.6,188.4,,,,
species,MetaPhlAn,60,0.472169300565111,0.779003022551632,0.778758848475528,46.6,46.6,0.637840387324925,0.68462206664752,0.778834299465671,4.22778567466324,0.791877559600615,0.978648260103131,209.4,162.8,,,,
species,MetaPhlAn,70,0.636113253421682,0.764689602704309,0.726713667742756,38.8,55.8,0.570843985279448,0.819208483219182,0.693184401156174,4.26238140724208,0.820575906659772,0.965983527559916,182,126.2,,,,
species,MetaPhlAn,80,0.698951365905405,0.732938232380464,0.687479612272315,33.8,50.2,0.524031109494715,0.82693892261709,0.647429766863504,3.89169410295889,0.784783172218581,0.933490054592688,143.2,93,,,,
species,MetaPhlAn,90,0.799827385656787,0.671230838973479,0.577536414182364,27.8,55.6,0.40742822088429,0.854250683103766,0.507225274725275,3.54098287099539,0.748386342149512,0.90471824478549,113.8,58.2,,,,
species,MetaPhlAn,100,0.884871546230333,0.608568283993963,0.417750978994702,17.4,57.8,0.26454689224878,0.758599862104769,0.318273397562782,2.83753519258339,0.640941943640794,0.755901489953333,84.6,26.8,,,,
species,Kraken2,0,0.250468991224159,0.990080373500084,0.254732330119869,4.4,2566.8,0.146132929138678,0.498243137559175,0.14635588697742,5.55438200666217,0.693514430184967,0.989200000000016,3008.6,441.8,,,,
species,Kraken2,10,0.292109704688499,0.989024700813067,0.191018409869851,4.4,3392.2,0.105710837798043,0.550580810012569,0.105833115932606,5.53028471151752,0.671204784459251,0.980268000000012,3794,401.8,,,,
species,Kraken2,20,0.317076818182549,0.988472811228695,0.143236790370692,4.4,4371,0.0772732001007038,0.566072020526192,0.0773452228930734,5.67954568173315,0.671212003912763,0.975988000000012,4736.8,365.8,,,,
species,Kraken2,30,0.319848283823127,0.985969029228895,0.111673073851593,4.8,5210.8,0.0591681716831122,0.544998015703759,0.0592210418939384,5.77176848225127,0.670643985252194,0.967008000000014,5534.8,324,,,,
species,Kraken2,40,0.367064015590477,0.989718208226703,0.0740876406107403,3,7324.2,0.0385190765559985,0.573381817018802,0.0385348812053885,5.94016817853009,0.665080155769342,0.961026000000019,7612.8,288.6,,,,
species,Kraken2,50,0.400611613653861,0.981788866269575,0.0572287040363284,4.4,8134.4,0.0294791391098135,0.591501609608223,0.0294952907321357,5.87533995160577,0.650867303405313,0.953656000000058,8378.8,244.4,,,,
species,Kraken2,60,0.429926678427867,0.981671122929295,0.0439651167333664,3.8,9203,0.0224916695106718,0.612335798621877,0.0225011601431607,5.87594256829839,0.643140715192961,0.952010000000067,9408.6,205.6,,,,
species,Kraken2,70,0.552211867758339,0.980585726100432,0.0256759597176699,3.2,12304,0.0130062082637407,0.704335964071358,0.0130093656182448,6.44431633215443,0.683752869573184,0.95344800000009,12465.8,161.8,,,,
species,Kraken2,80,0.638691092992944,0.981754197887136,0.0153895262300123,2.4,16027.4,0.0077561684713431,0.770095981303516,0.00775735204350964,6.90284119007894,0.712700122493596,0.955894000000121,16151.8,124.4,,,,
species,Kraken2,90,0.730816938766394,0.974190741280416,0.00897429213561025,2.2,18625.8,0.00450768929357562,0.818979131499544,0.00450826243237844,7.01644786635801,0.713495869559621,0.95887600000014,18709.6,83.8,,,,
species,Kraken2,100,0.827594078832386,0.95242229008911,0.00436980336819664,2.2,19358.8,0.00218976719572498,0.875935071911973,0.00219004403236239,7.29391066931312,0.738910014110769,0.957314000000166,19400.8,42,,,,
species,sourmash,0,0.284354065883154,0.635304838565616,0.765136614343549,166.8,8.6,0.623146085314536,0.551367945279225,0.97001121745065,4.68827954937088,0.828082979118228,0.939751982539476,288,279.4,,,,
species,sourmash,10,0.311366883320247,0.644199315246142,0.771212412191773,147.6,9.2,0.629792527949199,0.573158999200318,0.965460365561378,4.56422156731594,0.816897381514775,0.938792650131799,267.8,258.6,,,,
species,sourmash,20,0.343492017614175,0.632847910930479,0.757873091507473,139.4,12,0.612736728127539,0.597398137206615,0.950506993006993,4.56645703953184,0.831884299209638,0.928806081122275,242.8,230.8,,,,
species,sourmash,30,0.318504693911466,0.664158066101474,0.778025751207195,111.8,13.4,0.637087937675002,0.532083497876526,0.941020865691922,4.53694041389769,0.834531004425851,0.935762613659061,230.4,217,,,,
species,sourmash,40,0.383100579558833,0.646591033967301,0.763051321803566,104.8,13.2,0.617530710228953,0.580075583034311,0.93390287132203,4.40725510194782,0.832290294997342,0.916111120259492,200,186.8,,,,
species,sourmash,50,0.412262722862588,0.63745345848107,0.752341708546958,92.2,12.6,0.604038456114679,0.585853328414138,0.924716933675766,3.97979250802846,0.775777069971894,0.90115614313648,169.2,156.6,,,,
species,sourmash,60,0.431085627862659,0.656666817802236,0.757921934283953,73.4,14.4,0.6114734542768,0.591581309771625,0.904139223979431,4.04541670883965,0.807265340735025,0.904025485511102,150.4,136,,,,
species,sourmash,70,0.559505962363834,0.658851311204252,0.746661876359284,57.2,16.6,0.597198396584967,0.676171156588757,0.86459220439125,3.8209465893784,0.792129253515435,0.887880321615583,124.4,107.8,,,,
species,sourmash,80,0.628409808243563,0.652061504401115,0.711374847135892,44.4,21.6,0.555728379672684,0.68331354916914,0.786113559648181,3.7012292277674,0.797329615930455,0.838748698646197,104,82.4,,,,
species,sourmash,90,0.717721934406495,0.673093557009154,0.708810035701298,28.4,19,0.549373133467526,0.690356432012889,0.754060982495765,3.27472872103189,0.755385608812199,0.802378295653463,76.6,57.6,,,,
species,sourmash,100,0.792287471596357,0.702653834890374,0.622336460179157,13.4,24.2,0.452474179805158,0.677859384678909,0.562079329527624,2.81652709685033,0.702546178310206,0.755957489977323,55,30.8,,,,
species,Metabuli,0,0.621053486817276,0.44358242440007,0.0544071001021794,247.8,6636.8,0.0279874287368954,1.14645088571482,0.0290248959242943,5.31069164147558,0.601447128559942,0.845992762296956,6835.2,198.4,,,,
species,Metabuli,10,0.588848261740505,0.467644150662988,0.0522893890821714,216.6,6647.4,0.0268602623731154,1.03772343633364,0.0277309041522474,5.17712819118984,0.586304480517457,0.859834016162125,6837,189.6,,,,
species,Metabuli,20,0.654328415161562,0.448085426724516,0.0461034418994316,203.8,6671,0.0236147203731776,1.07570184995402,0.0243357740772837,5.39274523126485,0.610717462821753,0.833182109647653,6837.4,166.4,,,,
species,Metabuli,30,0.643385691345863,0.41965827858396,0.0383033586597426,191.4,6702.4,0.0195315284522581,1.01514785054591,0.020088579170183,5.32926192500379,0.603505721847806,0.839727554951952,6839.8,137.4,,,,
species,Metabuli,40,0.663505679089607,0.440069043223047,0.035647286178296,164.4,6713,0.0181506574982534,0.943522773680703,0.0185956497003547,5.48596247526544,0.621246170040662,0.821446700525519,6840.2,127.2,,,,
species,Metabuli,50,0.678287666339279,0.439902476985161,0.0311109049374476,138.4,6729.4,0.0158138737815276,0.909935712607076,0.0161403516121357,5.43954272683815,0.615993714263411,0.816500198131914,6839.8,110.4,,,,
species,Metabuli,60,0.704416593564558,0.420072080802891,0.0250025307731713,121.2,6752.8,0.0126638443061639,0.908899683706381,0.0128929546915662,5.36694637970731,0.607761058075224,0.816517574816109,6841,88.2,,,,
species,Metabuli,70,0.820585550336698,0.419229456729457,0.0197436561276033,95.8,6770.8,0.00997455383683598,0.916538255554993,0.0101166944167279,5.57314410177517,0.631121247679625,0.792032597975417,6840,69.2,,,,
species,Metabuli,80,0.806550839650645,0.384374786989397,0.0138310784720973,78.6,6792.4,0.00696433706383838,0.836632951833118,0.00704614677071766,5.67146965855938,0.642249665138654,0.78874012102916,6840.6,48.2,,,,
species,Metabuli,90,0.908065170166933,0.289214403122382,0.00721612243593429,61,6815.8,0.00362163138555466,0.852708626043648,0.00365455616334604,5.83523189969112,0.660792272291969,0.775828289924037,6840.8,25,,,,
species,Metabuli,100,0.969662287470203,0.159179890519053,0.00203325524455755,37.2,6834,0.00101768751360933,0.840631533321686,0.00102322941345651,5.73789930578807,0.6497679196223,0.764553200560762,6841,7,,,,
species,sylph,0,0.0200552968599789,0.986635966201295,0.990080651986178,6.2,3,0.980395975715576,0.0401105937199579,0.993565878663612,5.24371511009103,0.86173366566925,1,443,440,,,,
species,sylph,10,0.0797730556304081,0.984027000415957,0.983723409548494,6.8,6.6,0.967985361075977,0.151444381865735,0.98344695439447,5.17250211785778,0.86231048224511,1,406,399.4,,,,
species,sylph,20,0.116882098366628,0.982344696965933,0.980117575561179,6.6,8.2,0.961063403489824,0.211425851235949,0.977913385540335,5.06991242989604,0.858056175393365,1,371.8,363.6,,,,
species,sylph,30,0.155999161827278,0.988607991204992,0.977303632003546,3.6,11.2,0.955705876378918,0.270513003669596,0.966261197042348,4.93971554550977,0.850354826171307,1,336.4,325.2,,,,
species,sylph,40,0.256697481935707,0.986608501754904,0.97057426174203,3.8,13.4,0.943003325443689,0.410118442756341,0.955123301398746,4.96601303567671,0.871519644127207,1,301.2,287.8,,,,
species,sylph,50,0.315291956106918,0.985640074041632,0.958449978882613,3.8,17.6,0.920298442987048,0.479203467665844,0.932815955166186,4.76184127300681,0.855997571520422,1,262.6,245,,,,
species,sylph,60,0.363074221236508,0.987233850980648,0.95169712255848,2.8,18.2,0.908007983553417,0.534027980164631,0.918737136230111,4.60815969946112,0.851544570796887,1,224.8,206.6,,,,
species,sylph,70,0.512220605949285,0.99475975975976,0.933330458910418,0.8,22.4,0.875068566119927,0.676635226552836,0.879165506565924,4.55632899158363,0.872413826573052,1,186.6,164.2,,,,
species,sylph,80,0.613820687250731,0.981480377644192,0.895957767912628,2.2,26.4,0.81165541045411,0.767043737419975,0.824168148731345,4.37349105780866,0.873187246237894,1,151,124.6,,,,
species,sylph,90,0.725930767935566,0.983116531165312,0.853726860160819,1.4,27.6,0.744825422203713,0.843261017263218,0.754579515311353,4.146026283612,0.879509781695216,1,112.2,84.6,,,,
species,sylph,100,0.817396606880992,0.985448291545853,0.728104584559109,0.6,32.2,0.572750845305399,0.899882426572848,0.577727193977194,3.48310567152252,0.80707833518747,1,75.8,43.6,,,,
genus,SingleM,0,0.0477294098933661,0.99355157825133,0.995713097745971,2,0.6,0.991480118218086,0.0933244658369136,0.997892469089547,4.53497248035377,0.791187148750425,0.955148993501099,309.4,308.8,,,,
genus,SingleM,10,0.0571072753610808,0.979947532677289,0.977722336168753,6,7.4,0.956523711598006,0.108973601176804,0.975559830859181,4.42577856380103,0.775063869175221,0.93294359486324,304,296.6,,,,
genus,SingleM,20,0.066231233674017,0.978260181372831,0.973533469622635,6.8,9.4,0.948470512943435,0.125335002502524,0.968928769554266,4.43507738844794,0.773657853847762,0.917157881167617,310.6,301.2,,,,
genus,SingleM,30,0.0796260347872336,0.965592555369671,0.954780723310244,11.2,18.4,0.913514709775456,0.14773107907929,0.944233157196826,4.38671084081031,0.757361353296848,0.895087107515763,330.2,311.8,,,,
genus,SingleM,40,0.0829875576066654,0.96185921974834,0.948921328415643,12.4,20.8,0.902996063280901,0.152345202435846,0.93651418432218,4.34372579037682,0.750716295082605,0.882146139758679,328.2,307.4,,,,
genus,SingleM,50,0.10338851681555,0.952655348458085,0.937148235216861,15.6,26.8,0.881873866602037,0.182124574586853,0.922312209554615,4.24243417523536,0.730220451973244,0.858213008661315,336.4,309.6,,,,
genus,SingleM,60,0.102882351697218,0.957798371582859,0.929353558558664,14.2,33.6,0.868122440094637,0.182301694713565,0.90282088381257,4.27623780919895,0.732136435470984,0.856484046207048,346.2,312.6,,,,
genus,SingleM,70,0.154935729810248,0.946149657403197,0.901909670346469,18,50,0.821592984830338,0.262449714717497,0.861908040765187,4.12268036346171,0.701767682125341,0.799989547153881,358,308,,,,
genus,SingleM,80,0.142085450723863,0.928695881945896,0.893776028689363,23.4,47.8,0.808369625211386,0.233486440287085,0.861808744008287,4.08391813868315,0.699433299012203,0.796271189207795,345.6,297.8,,,,
genus,SingleM,90,0.159596717845468,0.920040056375355,0.877946373745353,25.2,55.4,0.782645090175863,0.261920861662176,0.839728774136346,3.99964443996145,0.684562262411461,0.780060031933144,347,291.6,,,,
genus,SingleM,100,0.155846789217134,0.923488480837352,0.886382829833869,25,51,0.796060721960241,0.260298871958501,0.852733190223245,4.00274776356009,0.684397361723,0.784148744805764,348.6,297.6,,,,
genus,MetaPhlAn,0,0.147822299705821,0.844542592806997,0.915657143252377,48,0,0.844542592806997,0.295644599411642,1,4.57071709548454,0.821067713896946,1,262.8,262.8,,,,
genus,MetaPhlAn,10,0.195982908947242,0.795289943363529,0.885858393570436,62.4,0,0.795289943363529,0.387574138610595,1,4.51931124669279,0.825207298219856,1,240.2,240.2,,,,
genus,MetaPhlAn,20,0.280566829665449,0.760233322759722,0.86360188369468,73.4,0,0.760233322759722,0.554293977336091,1,4.53404191390778,0.832242402411069,1,234.6,234.6,,,,
genus,MetaPhlAn,30,0.342002776140923,0.687398903015748,0.813772324729235,101.4,0.6,0.686111925879688,0.671542520452116,0.997320713620575,4.4453441182104,0.823643239878168,1,222.2,221.6,,,,
genus,MetaPhlAn,40,0.411702681441117,0.641765918578839,0.780634322920344,114.2,0.8,0.640265856803685,0.804203196122593,0.996445230186792,4.50087715473705,0.845579739408123,1,206.4,205.6,,,,
genus,MetaPhlAn,50,0.45441818852561,0.57509072635947,0.729799081974941,138.4,0.2,0.574672670320053,0.867045454891268,0.998816568047337,4.17608514628026,0.799193876198542,1,187,186.8,,,,
genus,MetaPhlAn,60,0.487309078407638,0.53575985990521,0.697031753942468,152.6,0.2,0.535521238295918,0.936117561708169,0.999024390243902,4.1462448893068,0.803688324454667,1,174.4,174.2,,,,
genus,MetaPhlAn,70,0.617796353124849,0.469370942785225,0.637249038651254,173.2,0.8,0.468144603586646,1.17390977253853,0.994457338050345,4.19949142277924,0.834966838050962,1,153.6,152.8,,,,
genus,MetaPhlAn,80,0.644732024078665,0.394932726815335,0.565133704792875,194.2,0.6,0.394167088930965,1.19092210505541,0.994747899159664,3.95638669685166,0.816586663233403,1,127.6,127,,,,
genus,MetaPhlAn,90,0.732760880097232,0.336325085697717,0.501504728489418,210.8,1.2,0.335023291638317,1.36484876410738,0.9884,3.81034426983879,0.815861515469087,1,107.2,106,,,,
genus,MetaPhlAn,100,0.776519924304401,0.278323508582977,0.434802049920742,233.4,0.4,0.277939171883879,1.46682657240718,0.995421245421245,3.49770690661658,0.779574997022221,1,89.6,89.2,,,,
genus,Kraken2,0,0.201858774544794,0.962587065319635,0.556158244137112,11.8,465.4,0.385958798705042,0.403142290300073,0.39208644328822,4.63503629727086,0.69833131165053,0.997142000000005,764.4,299,,,,
genus,Kraken2,10,0.236736638033996,0.960604693967886,0.391870292226086,12,904.6,0.245174975894492,0.467542501043828,0.247731019920465,4.5985804992605,0.649961756209815,0.994836000000011,1195.2,290.6,,,,
genus,Kraken2,20,0.278115407152792,0.944664704546195,0.316649649204389,17,1254,0.189423589003993,0.54762558614871,0.191633649315625,4.59190241158299,0.625650063514845,0.993660000000013,1545,291,,,,
genus,Kraken2,30,0.267698641133683,0.948389470996608,0.256642547728685,16.4,1750.4,0.147291526992192,0.523612018336812,0.148467121404041,4.81187596709168,0.630766676696468,0.992490000000019,2057,306.6,,,,
genus,Kraken2,40,0.31483097383316,0.942788231620991,0.193090774310874,18.6,2556.2,0.107205480019852,0.612625803478787,0.10797212602071,4.9972157591484,0.628871239452892,0.992198000000026,2857.4,301.2,,,,
genus,Kraken2,50,0.352183041329402,0.936343415695638,0.169268466902224,21,2964.4,0.0925021033006391,0.66827227385287,0.0930865622104024,4.83542571767281,0.597780800023479,0.991406000000042,3268.6,304.2,,,,
genus,Kraken2,60,0.370683686514889,0.943839302453772,0.155346781856542,18.6,3361.8,0.0843144359899853,0.708122285824339,0.0847575809759338,4.96853058950603,0.60543462477304,0.991290000000043,3670,308.2,,,,
genus,Kraken2,70,0.425159775198527,0.932812941420328,0.131125523171677,21.8,4022,0.0702133800885465,0.804590648617616,0.0705723078364644,5.14097241736924,0.614174432517484,0.991552000000052,4326.2,304.2,,,,
genus,Kraken2,80,0.444447110697362,0.925520139407742,0.108965731695017,24,4864.2,0.057690985399135,0.817275775443348,0.0579634253547448,5.38759611429929,0.63026107631907,0.992456000000062,5161.4,297.2,,,,
genus,Kraken2,90,0.475240525262137,0.927657893066069,0.0983088093591422,22.6,5388.2,0.0517348410036738,0.881611262651571,0.0519431299984172,5.54499612697145,0.641471616307844,0.993216000000065,5682.4,294.2,,,,
genus,Kraken2,100,0.480571298259143,0.929094889031095,0.0970664432659265,22.6,5563.4,0.0510652356891088,0.904163870741927,0.0512644497664303,5.41774477694738,0.624351016465161,0.993124000000065,5863.4,300,,,,
genus,sourmash,0,0.235783857238503,0.689999187691422,0.813398268291618,97.6,0.6,0.688419025610531,0.467474707780906,0.997150997150997,4.41110008087257,0.822258446547312,0.981918851228598,213.8,213.2,,,,
genus,sourmash,10,0.27940411800831,0.642036918034568,0.780379353186867,110.4,0,0.642036918034568,0.550069294344839,1,4.30144900375771,0.818261888189821,0.988588734399353,192.2,192.2,,,,
genus,sourmash,20,0.324169844626074,0.574219585579411,0.728466800128991,132.8,0,0.574219585579411,0.632548122965851,1,4.24762830363552,0.822487353516198,0.975828331377749,175.2,175.2,,,,
genus,sourmash,30,0.332386240117153,0.553874336039937,0.711931789667327,145.4,0.2,0.553515708066955,0.648045328954674,0.998780487804878,4.34714139166416,0.839303725136944,0.987108544562449,177.8,177.6,,,,
genus,sourmash,40,0.411594863617471,0.485659801104985,0.65249859635702,165,0.6,0.484629777547269,0.792580904763574,0.995714285714286,4.23350300477006,0.839743616280102,0.972743839971299,155.4,154.8,,,,
genus,sourmash,50,0.453607153227384,0.431288857291826,0.601848700500067,186.4,0,0.431288857291826,0.850452026011894,1,3.85510639248068,0.781617849029868,0.969101451655567,138.8,138.8,,,,
genus,sourmash,60,0.476261902782947,0.387328536380511,0.555875899863158,202,0.2,0.387057533670484,0.899450903739336,0.998230088495575,3.98363023442852,0.825212599534551,0.970516822456872,125,124.8,,,,
genus,sourmash,70,0.579294904921098,0.308053045266651,0.470450301997821,226,0,0.308053045266651,1.07918345228435,1,3.6865659129327,0.800293664829538,0.964289111231983,100,100,,,,
genus,sourmash,80,0.611197638693375,0.275419105652352,0.43075807139027,233.2,0.2,0.275249638063028,1.10160457917314,0.997260273972603,3.79482596429506,0.847361493576423,0.956532505071216,88.2,88,,,,
genus,sourmash,90,0.673913762968702,0.214166112865148,0.351499102561741,249.4,0.4,0.213881919827816,1.20055750780515,0.993366228070175,3.42334698186451,0.812398774747646,0.920588001096016,67.8,67.4,,,,
genus,sourmash,100,0.714558465217882,0.147483353779889,0.256395987119207,275.8,0.2,0.147360555995262,1.27665519995335,0.996,2.90209493641442,0.753297255907999,0.898892761841656,47,46.8,,,,
genus,Metabuli,0,0.377209221370921,0.664330480468838,0.163226215537815,104.2,2011.4,0.088938888706564,0.729162553673729,0.0931469792605951,4.59224808780498,0.596058256839295,0.933390230352726,2218,206.6,,,,
genus,Metabuli,10,0.379979599818708,0.658572354837776,0.157511970002446,103.8,2019.2,0.0855663841657043,0.727874126233529,0.0896302975653742,4.49566739377997,0.583522409684664,0.936636881550341,2218,198.8,,,,
genus,Metabuli,20,0.429684051001728,0.640910903843109,0.156320346719739,110.2,2020.2,0.0849098413667469,0.816055188500555,0.0891794409377818,4.57877966917392,0.594310101692162,0.925828761204442,2218,197.8,,,,
genus,Metabuli,30,0.413336895060227,0.620195935154832,0.156892437237716,123.4,2018.4,0.0851777387573651,0.781023364061172,0.0899909828674482,4.69355246237582,0.609207221738915,0.926910396366211,2218,199.6,,,,
genus,Metabuli,40,0.443806098691587,0.612795083357474,0.153593679189475,124.6,2022.8,0.0832452352454608,0.830695549896766,0.0880072137060415,4.78422987975343,0.620976843567561,0.918231897605919,2218,195.2,,,,
genus,Metabuli,50,0.478840196059254,0.605877610120103,0.154724283161166,128,2020.8,0.083984356816312,0.870255684676245,0.0889089269612263,4.68327999875076,0.607873890733114,0.910948226206558,2218,197.2,,,,
genus,Metabuli,60,0.503896231048543,0.556831880380871,0.142206882267302,145.6,2036.8,0.0765984077274217,0.917982128851659,0.0816952209197475,4.74926246982263,0.616438192124734,0.903626474019101,2218,181.2,,,,
genus,Metabuli,70,0.527323094107444,0.564885871005232,0.144287449958121,142.2,2034.2,0.0778096570767397,0.948039661797793,0.0828674481514878,4.81607698143189,0.625110489561613,0.896588305752759,2218,183.8,,,,
genus,Metabuli,80,0.526894176155598,0.534954781395509,0.134938492877517,149.6,2046.4,0.0724169814188429,0.912327524442201,0.0773669972948602,4.97495433434432,0.645732232162956,0.886257947815113,2218,171.6,,,,
genus,Metabuli,90,0.583596405693734,0.527764742194,0.131959957128153,149.2,2050.4,0.0707363112905325,1.00980060456893,0.0755635707844905,5.10704691613235,0.662877402139956,0.870096662377615,2218,167.6,,,,
genus,Metabuli,100,0.574200104023952,0.491568380404188,0.124455605563166,164.2,2059.6,0.0664224955726497,1.01391522252016,0.0714156898106402,4.90701823117666,0.636914355938431,0.876092720898731,2218,158.4,,,,
genus,sylph,0,0.0120218684588272,1,1,0,0,1,0.0240437369176544,1,4.79575326848898,0.836070894176695,1,310.8,310.8,,,,
genus,sylph,10,0.0881090786444562,0.909541937240081,0.952605166660554,27.4,0,0.909541937240081,0.174397209048344,1,4.69261572094636,0.836272485240054,1,275.2,275.2,,,,
genus,sylph,20,0.149128860142466,0.849184595431644,0.918402487137971,46.4,0,0.849184595431644,0.294676311617689,1,4.67002835741186,0.839999974538078,1,261.6,261.6,,,,
genus,sylph,30,0.214344004024958,0.771082536341015,0.870736685437856,74,0,0.771082536341015,0.420755443497333,1,4.5922287223736,0.833378147320584,1,249,249,,,,
genus,sylph,40,0.328141710707942,0.68525325512745,0.813181414979911,100.4,0,0.68525325512745,0.641027381804905,1,4.59154255129254,0.852960474592869,1,219.4,219.4,,,,
genus,sylph,50,0.378246719147867,0.621035690195044,0.766168833444416,123.6,0,0.621035690195044,0.721322775127228,1,4.41335143490642,0.832517070601092,1,201.6,201.6,,,,
genus,sylph,60,0.448278357257524,0.54358043166553,0.704025311466931,150,0,0.54358043166553,0.860798441621006,1,4.35705767792668,0.842252936931704,1,176.8,176.8,,,,
genus,sylph,70,0.571616379567926,0.448424234449757,0.618885253201547,179.8,0,0.448424234449757,1.08622789046521,1,4.27261707810869,0.857942006552011,1,146.2,146.2,,,,
genus,sylph,80,0.624373950544789,0.377921237672644,0.5481879789496,199.6,0,0.377921237672644,1.15315537874076,1,4.06608253744609,0.848130311499017,1,121.6,121.6,,,,
genus,sylph,90,0.729074476864421,0.289878885176818,0.449454303057835,225,0,0.289878885176818,1.35807898945854,1,3.9001192116093,0.863816535878588,1,91.8,91.8,,,,
genus,sylph,100,0.758514657785494,0.203028492425667,0.33736408739255,257.2,0,0.203028492425667,1.43237260974162,1,3.29163191402683,0.789891980405187,1,65.4,65.4,,,,
family,SingleM,0,0.0318094014547218,0.996129032258064,0.998045602605863,0.6,0,0.996129032258064,0.0629366110635686,1,3.99000048585698,0.779289055175385,0.978411964220904,168,168,,,,
family,SingleM,10,0.0336133896530381,0.993151714478616,0.994211755668408,1.2,0.8,0.988511112531798,0.0662038358896166,0.995289611057366,4.00384061740728,0.778351584187811,0.972467947964568,172.4,171.6,,,,
family,SingleM,20,0.0362889756726383,0.985056254500265,0.987093094224316,2.6,2,0.974622411361361,0.0712246215800945,0.989186910411359,4.06795236771617,0.78922014192741,0.966713314743616,174.6,172.6,,,,
family,SingleM,30,0.0405144287369903,0.983810850099696,0.985970450963612,3,2.2,0.972361192295148,0.0793110179129396,0.988178946941095,4.04970490672569,0.776650080094702,0.962614947407235,184.2,182,,,,
family,SingleM,40,0.0438614064119788,0.984101254609839,0.981671705085547,3.2,4,0.964116092953445,0.0853213054973717,0.979311429736317,4.08044261394643,0.775434380527331,0.958329647064177,194.2,190.2,,,,
family,SingleM,50,0.0548915045423626,0.968400821636116,0.967508647952955,6.2,6.6,0.937159025914031,0.105917800659714,0.966814729531062,4.04400894627325,0.76680576857356,0.940593241064966,195.4,188.8,,,,
family,SingleM,60,0.0477675032041996,0.981146451229695,0.977220569765828,3.8,5.4,0.955526924913951,0.0921831981591275,0.973546448792866,4.11607009133688,0.775062911485533,0.946022069166972,203,197.6,,,,
family,SingleM,70,0.0550787367136574,0.977848240476952,0.970662250077134,4.6,7.6,0.943086631948055,0.105105216540892,0.963660175157929,4.10194533953178,0.769485780818034,0.93064049003422,207,199.4,,,,
family,SingleM,80,0.0570522742592163,0.967132039831807,0.961971321640307,7,9.4,0.926968488741441,0.107163929785084,0.956891684351008,4.1307048705652,0.772195621722774,0.922837881309955,211.6,202.2,,,,
family,SingleM,90,0.0758994462813642,0.96248365672889,0.960349467311835,8,8.4,0.923862615891022,0.143706572576172,0.958455640809806,4.05289935395057,0.762272140825171,0.921712268157762,204.6,196.2,,,,
family,SingleM,100,0.066932102319727,0.955050815483439,0.964241226686177,9.4,5.6,0.931068845634073,0.12795410632539,0.973736857305562,4.08730046599841,0.768282561169011,0.926677378320315,205.2,199.6,,,,
family,MetaPhlAn,0,0.127785864196631,0.809682039610638,0.894798515853566,32,0,0.809682039610638,0.255571728393262,1,3.90938337072099,0.795770118621259,1,136.6,136.6,,,,
family,MetaPhlAn,10,0.173705466792873,0.746687404853575,0.854217456366542,44.4,0,0.746687404853575,0.346925579834365,1,3.89975598351259,0.803669948028068,1,128.4,128.4,,,,
family,MetaPhlAn,20,0.245692580604624,0.709882829902569,0.829945395200621,50.8,0,0.709882829902569,0.490456765468936,1,3.92120558758453,0.814346961671605,1,124.4,124.4,,,,
family,MetaPhlAn,30,0.287526831195538,0.644841502159089,0.784042105325803,65.8,0,0.644841502159089,0.573794831759895,1,3.80623669440035,0.796320170888355,1,119.2,119.2,,,,
family,MetaPhlAn,40,0.342992878423134,0.626471209643601,0.770088045611724,72.2,0,0.626471209643601,0.681729238199535,1,3.870369795271,0.807782627797128,1,121.2,121.2,,,,
family,MetaPhlAn,50,0.404979304722508,0.546651198062963,0.706838544860026,88.4,0,0.546651198062963,0.805856708543606,1,3.60166270378265,0.771496521207094,1,106.6,106.6,,,,
family,MetaPhlAn,60,0.411498085038181,0.523046209626431,0.686062142645302,96.4,0,0.523046209626431,0.816199156750918,1,3.68376475644876,0.791984136212776,1,105,105,,,,
family,MetaPhlAn,70,0.518768627262598,0.466097847375544,0.635511624408735,109,0,0.466097847375544,1.02596524018173,1,3.67520757559451,0.807033800167601,1,95,95,,,,
family,MetaPhlAn,80,0.559386932168972,0.402628910959443,0.573253281988491,124.8,0,0.402628910959443,1.09685117450994,1,3.59125587257615,0.810859353272838,1,84.4,84.4,,,,
family,MetaPhlAn,90,0.611483176140655,0.34119543693889,0.507809967238499,135.2,0,0.34119543693889,1.2068761642752,1,3.39321118138581,0.801889554147241,1,69,69,,,,
family,MetaPhlAn,100,0.640595137634267,0.297897183020115,0.458663384303474,147,0,0.297897183020115,1.27148922274485,1,3.07893059281254,0.746861012963766,1,62,62,,,,
family,Kraken2,0,0.180655706517099,0.949282079376952,0.709637119431774,8.6,121.8,0.550899555233271,0.361175542245023,0.568042924991871,3.87460796129271,0.687003282594271,0.999246000000002,281.8,160,,,,
family,Kraken2,10,0.216162377716404,0.939552523573877,0.534735726922563,10.6,277.8,0.36708597691414,0.431555094753155,0.376375319041154,3.88670144394749,0.640065603152016,0.998800000000005,440,162.2,,,,
family,Kraken2,20,0.242858757067837,0.929106958472093,0.445398268603932,12.4,396.4,0.288340230343341,0.48441984916605,0.295007629743881,3.89853849524126,0.616400588520578,0.998684000000006,559.2,162.8,,,,
family,Kraken2,30,0.225324037339258,0.921616899743199,0.400492408555546,14.4,496.4,0.250651018054914,0.449317814474493,0.25611782895819,3.9622308269885,0.609474037101418,0.998558000000008,667,170.6,,,,
family,Kraken2,40,0.253069361884617,0.926129618033267,0.340644717438875,14.8,688.2,0.206217470829757,0.502739645514704,0.209846755335419,4.07100924569586,0.602627701201122,0.998530000000011,866.8,178.6,,,,
family,Kraken2,50,0.308446306520962,0.909016139604375,0.299849565494868,17.8,811.4,0.176400997833993,0.613222735248038,0.179551096342079,3.96392970359151,0.574991072379983,0.998548000000013,988.6,177.2,,,,
family,Kraken2,60,0.30787346254342,0.924235094195806,0.286130560934014,15.6,916.4,0.167159118891546,0.61015290965372,0.169595791652865,4.09505513163191,0.584593431635261,0.998648000000014,1102.2,185.8,,,,
family,Kraken2,70,0.337135614501464,0.906165171168638,0.26278223604373,19.2,1021.4,0.151380395186214,0.666183245634926,0.153843047326616,4.13803227202208,0.583406553080145,0.998606000000015,1206.2,184.8,,,,
family,Kraken2,80,0.356698586592424,0.904150826576204,0.243308049740652,20.2,1155,0.13868357799416,0.698516088151029,0.140794324090584,4.34144322018031,0.602683768667352,0.998630000000016,1344,189,,,,
family,Kraken2,90,0.370468724835818,0.889155794641487,0.222978390024306,22.8,1243,0.125587828818788,0.730775685723404,0.127594673820504,4.27499033260261,0.58886637160722,0.998752000000015,1424.4,181.4,,,,
family,Kraken2,100,0.358063722156653,0.889608146078595,0.224408862556318,23,1262.2,0.126529222005591,0.710331866240707,0.128551521285041,4.19535389434093,0.5764482152466,0.998726000000016,1448.2,186,,,,
family,sourmash,0,0.195994411215372,0.752278703527134,0.857684444856751,42,0,0.752278703527134,0.39054672696081,1,3.80967752282006,0.787217434939043,0.992600382821557,126.6,126.6,,,,
family,sourmash,10,0.242913567380075,0.690297671872141,0.814358715870101,54.6,0,0.690297671872141,0.484495251374947,1,3.77697888447667,0.791958435543818,0.996445594665916,118.2,118.2,,,,
family,sourmash,20,0.279122828501459,0.60721955808759,0.754104687542121,69.8,0,0.60721955808759,0.554435702099912,1,3.75615561573621,0.806447094854059,0.989642872158088,105.4,105.4,,,,
family,sourmash,30,0.284706856808561,0.588087291552798,0.740474978195277,76.2,0,0.588087291552798,0.567105554643899,1,3.76190928770502,0.802568656309949,0.996564868674547,108.8,108.8,,,,
family,sourmash,40,0.342400391198859,0.533932002421515,0.696034304495651,90.4,0,0.533932002421515,0.678414612759428,1,3.68664366310062,0.796252958110802,0.992969979762572,103,103,,,,
family,sourmash,50,0.399785083085183,0.463992294815824,0.633257761378625,104.8,0,0.463992294815824,0.789469762485764,1,3.41856788037281,0.759252941947995,0.985591559185766,90.2,90.2,,,,
family,sourmash,60,0.401177499629609,0.420686690586186,0.591053171309867,117.2,0,0.420686690586186,0.788247998505007,1,3.55980391117706,0.80316644256245,0.981908912809803,84.2,84.2,,,,
family,sourmash,70,0.498035396666788,0.328152638524807,0.493741670645745,137,0,0.328152638524807,0.973258578380967,1,3.31479807357004,0.788143978182879,0.976814498983253,67,67,,,,
family,sourmash,80,0.512018917901539,0.306320238081357,0.468460463367477,145.2,0,0.306320238081357,0.994802387967628,1,3.53842120388893,0.851064119792907,0.984083850609714,64,64,,,,
family,sourmash,90,0.55719989768434,0.249936665170813,0.398775029856906,153.6,0.2,0.249717185094727,1.08052249059282,0.995652173913043,3.25514480410782,0.828748110140629,0.966389812204088,50.8,50.6,,,,
family,sourmash,100,0.598717060772151,0.188122127500378,0.31630573605067,170,0,0.188122127500378,1.16523053416808,1,2.89712066849929,0.790555746248358,0.960747531249438,39,39,,,,
family,Metabuli,0,0.285669102058302,0.771794210733768,0.324032236059208,38.6,503,0.193487318825262,0.557655555243723,0.205371248025276,3.70128916819008,0.573801432448047,0.952248610670449,633,130,,,,
family,Metabuli,10,0.301562791790992,0.762345832860977,0.325694437109536,41.4,501.6,0.194745117890852,0.58872824074044,0.207582938388626,3.68028867244458,0.570545779081524,0.954638518927423,633,131.4,,,,
family,Metabuli,20,0.324763564291735,0.727492165935145,0.315082253460316,47.6,505.4,0.187375378654426,0.63146348629579,0.201579778830964,3.7137648731257,0.575735509208215,0.949013263285071,633,127.6,,,,
family,Metabuli,30,0.308554338630389,0.743191872777675,0.335340962057732,47.8,495.8,0.201495820507281,0.600059405831635,0.216745655608215,3.76086052046576,0.583036627461292,0.949649329630103,633,137.2,,,,
family,Metabuli,40,0.320725169030382,0.747604750838357,0.347017634916668,49.8,489.4,0.210087214620505,0.619748038217997,0.226856240126382,3.82007290964211,0.59221617333954,0.944414717969543,633,143.6,,,,
family,Metabuli,50,0.371982492546662,0.716868095632802,0.337334004773277,55.2,493.2,0.203120169816286,0.717319435441294,0.22085308056872,3.76078417890883,0.583024792424165,0.939004973567095,633,139.8,,,,
family,Metabuli,60,0.376621732091886,0.703306257858226,0.337817702077796,60.4,492,0.203364337230268,0.720889475758522,0.222748815165877,3.84739528653725,0.596451891838665,0.930584669988099,633,141,,,,
family,Metabuli,70,0.380454481840552,0.68922269123867,0.335228087025063,63.6,492.6,0.201477644471924,0.72537727556409,0.221800947867299,3.89762538521447,0.604238936099,0.929060332416265,633,140.4,,,,
family,Metabuli,80,0.392322688048427,0.680157457064508,0.33653121595347,67.2,491,0.202643960768448,0.735714735750777,0.22432859399684,4.05530430299859,0.628683497110057,0.917020206765595,633,142,,,,
family,Metabuli,90,0.405681453542185,0.672255327861095,0.326591055792556,67.2,496,0.195428809584708,0.763782094525249,0.216429699842022,4.0227428462959,0.623635577412464,0.909864711054573,633,137,,,,
family,Metabuli,100,0.395798599085878,0.664477644848803,0.32922990951694,70.2,494.2,0.197254412445827,0.752583341286426,0.219273301737757,3.92478987656855,0.608450178004835,0.91667363924204,633,138.8,,,,
family,sylph,0,0.00905891791430938,1,1,0,0,1,0.0181178358286188,1,4.11721844253961,0.803509189409521,1,168.6,168.6,,,,
family,sylph,10,0.0832300998873753,0.889971791368496,0.941629484038456,19.2,0,0.889971791368496,0.166211525075493,1,4.06836307188759,0.808835784742157,1,153.6,153.6,,,,
family,sylph,20,0.136273974977014,0.822773218287748,0.902564605545358,31.2,0,0.822773218287748,0.272010101125052,1,4.06231545034034,0.818329650238463,1,144,144,,,,
family,sylph,30,0.190311882021378,0.757399254279601,0.861826129667866,44.8,0,0.757399254279601,0.379755323918679,1,3.96119374437822,0.80176363905163,1,140.2,140.2,,,,
family,sylph,40,0.282608607680669,0.683487434946317,0.811874131243282,61,0,0.683487434946317,0.561803638803754,1,3.95339412631164,0.810592408987497,1,132.4,132.4,,,,
family,sylph,50,0.335300998574622,0.611507921625569,0.758811991085392,75.8,0,0.611507921625569,0.667147300956757,1,3.83741320472509,0.802837193089079,1,119.2,119.2,,,,
family,sylph,60,0.370109816393665,0.559615872188249,0.717540048431626,88.8,0,0.559615872188249,0.734069385919336,1,3.88028689912695,0.821779586955125,1,112.6,112.6,,,,
family,sylph,70,0.474313628519852,0.448457106848029,0.618885693110832,112.4,0,0.448457106848029,0.93785602228806,1,3.75958112040455,0.83273956008575,1,91.6,91.6,,,,
family,sylph,80,0.536728174788757,0.393865462066492,0.564698282423958,126.8,0,0.393865462066492,1.0521644018825,1,3.69865294508526,0.839177114473619,1,82.4,82.4,,,,
family,sylph,90,0.581088122985656,0.306027697851917,0.468448640173332,141.8,0,0.306027697851917,1.14729406941997,1,3.51885742588994,0.852193778037752,1,62.4,62.4,,,,
family,sylph,100,0.628709547722945,0.231351895630855,0.375578708689409,160.8,0,0.231351895630855,1.24797963040957,1,3.02203514744336,0.780512460826887,1,48.2,48.2,,,,
order,SingleM,0,0.0231742135698626,1,1,0,0,1,0.04605547050934,1,3.39703629438781,0.744331601453105,0.987175771696117,96.2,96.2,,,,
order,SingleM,10,0.0230134253082822,0.993715478901525,0.996841108117516,0.6,0,0.993715478901525,0.0456371115908559,1,3.41722485626865,0.741110909763983,0.983632978718589,101.4,101.4,,,,
order,SingleM,20,0.0274623416167873,0.985802090334395,0.990216966069309,1.6,0.6,0.980821696612395,0.054337488805459,0.994751863009355,3.54105825025915,0.759981254956856,0.979587131367205,106,105.4,,,,
order,SingleM,30,0.0296015601842516,0.984007828928608,0.987477095095177,1.8,1,0.975280784614225,0.058557467000176,0.991026375677155,3.51840785810008,0.74754566084518,0.979997463369311,110.8,109.8,,,,
order,SingleM,40,0.0309494978268488,0.984350368246472,0.988397984301977,1.8,0.8,0.977173927671535,0.0611395382667782,0.992563719523839,3.52189997645684,0.746046580409656,0.97558742509227,112.8,112,,,,
order,SingleM,50,0.0351728084669124,0.982224797490284,0.983848401233286,2,1.6,0.968280715948889,0.0691984357569543,0.985921375128999,3.57307472276112,0.758727787175864,0.968783580636986,111.2,109.6,,,,
order,SingleM,60,0.0302895113782537,0.984232982004849,0.990258681929834,1.8,0.4,0.980729942157634,0.0597728137472231,0.996367521367521,3.63428213194002,0.768641493223158,0.975092707681327,113.6,113.2,,,,
order,SingleM,70,0.0350629123634068,0.980418861662881,0.983305413427657,2.4,1.6,0.967247083475323,0.0683797577311159,0.986472416472417,3.59560964360928,0.753385495779776,0.963382004443903,118.4,116.8,,,,
order,SingleM,80,0.0385903408651815,0.960798585705462,0.970816621063219,5,2.4,0.943534400915655,0.0750689948599699,0.981225298253696,3.64619940665602,0.75673218763088,0.959595546769554,124.2,121.8,,,,
order,SingleM,90,0.0515990169620326,0.963843820756203,0.974480567423291,4.6,1.6,0.950371398935924,0.100804312244894,0.985789123149144,3.5880066196297,0.752138923852631,0.957663535001232,118.4,116.8,,,,
order,SingleM,100,0.0456933186510442,0.955052475404999,0.971610556015478,5.6,1.4,0.944803815176584,0.0895699423789437,0.988871860219498,3.63171922692178,0.758113409356608,0.962119393447534,120.8,119.4,,,,
order,MetaPhlAn,0,0.107706725198708,0.79039607348318,0.882636223769161,20.2,0,0.79039607348318,0.215413450397415,1,3.27893373659391,0.75764987911347,1,76,76,,,,
order,MetaPhlAn,10,0.144563068492361,0.727008554363401,0.84097732474372,28.2,0,0.727008554363401,0.28904905784467,1,3.28141050291711,0.763718918449372,1,73.8,73.8,,,,
order,MetaPhlAn,20,0.208700648786781,0.673545527983654,0.804573326771399,35,0,0.673545527983654,0.417227496233735,1,3.32999051888606,0.779450995337842,1,72,72,,,,
order,MetaPhlAn,30,0.246328299714415,0.618879649564094,0.764276769974993,42.6,0,0.618879649564094,0.492275075208029,1,3.18679491642273,0.752865785679419,1,69,69,,,,
order,MetaPhlAn,40,0.287334767732214,0.600466320596191,0.749947944322479,45.4,0,0.600466320596191,0.574615691718988,1,3.25516313852636,0.771466388083785,1,68.4,68.4,,,,
order,MetaPhlAn,50,0.344231386281191,0.551496688332972,0.710220864639613,50.2,0,0.551496688332972,0.688159324615454,1,3.09599082058609,0.752718333922769,1,61.4,61.4,,,,
order,MetaPhlAn,60,0.351121576119096,0.514794638300144,0.67927574385976,55.8,0,0.514794638300144,0.701635107516757,1,3.15254219088449,0.773524313254393,1,59.2,59.2,,,,
order,MetaPhlAn,70,0.423169726512596,0.46694074329613,0.636575823831877,63.6,0,0.46694074329613,0.841235343481456,1,3.10938862990959,0.774081395147496,1,55.6,55.6,,,,
order,MetaPhlAn,80,0.435612494545365,0.399925839484044,0.57098943541545,76,0,0.399925839484044,0.866245674201371,1,3.09119491089243,0.78789604684501,1,50.8,50.8,,,,
order,MetaPhlAn,90,0.49102925041418,0.350615542074716,0.518612151148664,79,0,0.350615542074716,0.980884865289294,1,2.93450925808412,0.784295756243468,1,42.4,42.4,,,,
order,MetaPhlAn,100,0.521362867830555,0.332518120608341,0.498692009422044,83.6,0,0.332518120608341,1.04164515367933,1,2.72433774259847,0.732399983513076,1,41.4,41.4,,,,
order,Kraken2,0,0.158960943864355,0.977481768215745,0.726163055033677,2.2,68.8,0.571327225754541,0.317862417246561,0.579292424738324,3.29891142399035,0.648120112037489,0.999624000000001,162.8,94,,,,
order,Kraken2,10,0.195564163062344,0.962673397667023,0.573016077644624,3.8,145.4,0.404645422489226,0.390933548339081,0.410776521093067,3.27083620501169,0.596298795814142,0.999446000000002,243.6,98.2,,,,
order,Kraken2,20,0.215327872074349,0.956984849141592,0.504643872612817,4.6,197.6,0.338829832265265,0.430333692717543,0.344019009819465,3.34298075561063,0.586247488239617,0.999328000000003,300,102.4,,,,
order,Kraken2,30,0.19419737370137,0.958454518583606,0.450291471088734,4.6,257,0.290968992364863,0.387932269423607,0.294610765766174,3.36854161438584,0.571371922935871,0.999322000000005,364,107,,,,
order,Kraken2,40,0.215487622696801,0.967411280398293,0.39247611045289,3.8,341.8,0.245402575015479,0.430786637511784,0.247485834900227,3.42187382061183,0.560526114893997,0.999314000000005,451.8,110,,,,
order,Kraken2,50,0.267148837043588,0.958943682505629,0.351816601525968,4.6,389.8,0.213517217912686,0.533799686981935,0.215451645120858,3.39609513253447,0.547209544664505,0.999262000000006,496.8,107,,,,
order,Kraken2,60,0.26900434022557,0.953639780405214,0.336227946170844,5.4,428.6,0.202442276510768,0.537373155246374,0.204478610103489,3.44691206562213,0.548263184101321,0.999342000000006,538.2,109.6,,,,
order,Kraken2,70,0.285376793247511,0.94154032765648,0.314149740397163,7,483.8,0.186437526786291,0.566942039440169,0.188714815510484,3.40889201462719,0.533557644305199,0.999364000000007,596,112.2,,,,
order,Kraken2,80,0.300075940925814,0.946035546117352,0.301238159907496,7,550,0.177554919058151,0.596176423410132,0.179455246751384,3.57158639018229,0.548957094370896,0.999348000000007,669.8,119.8,,,,
order,Kraken2,90,0.300281742274499,0.940501279325787,0.27700225250449,7.4,588.4,0.160886095445064,0.5997065258607,0.162616307054691,3.56224944776015,0.543746529610862,0.999444000000007,702.4,114,,,,
order,Kraken2,100,0.295760027438261,0.942001684064623,0.277734123695613,7.2,605.6,0.161461635846097,0.590749312633243,0.163065201253232,3.52842495965717,0.535919002030804,0.999426000000007,723.4,117.8,,,,
order,sourmash,0,0.170258858592188,0.790555187236682,0.882273715356117,20.2,0,0.790555187236682,0.33972974604299,1,3.26300603144751,0.753936692612342,0.994971872314731,76,76,,,,
order,sourmash,10,0.218909644268954,0.710445913758058,0.828637241721644,30.2,0,0.710445913758058,0.436823066436755,1,3.18787395460822,0.746517125784136,0.995505302043125,71.8,71.8,,,,
order,sourmash,20,0.248719455358286,0.635930553083015,0.776703092349226,39.2,0,0.635930553083015,0.496320692471257,1,3.27764858067812,0.777452330978643,0.996353164711912,67.8,67.8,,,,
order,sourmash,30,0.239786016985091,0.617348729077452,0.762727411705493,42.8,0,0.617348729077452,0.479118747245473,1,3.24344046996022,0.766847823703305,0.999952190156783,68.8,68.8,,,,
order,sourmash,40,0.293317019029668,0.559525808486848,0.717027596576806,50.2,0,0.559525808486848,0.585763317407634,1,3.17343186283512,0.765316013831667,0.997536578719838,63.6,63.6,,,,
order,sourmash,50,0.360374947336734,0.510517682088479,0.675066832004709,54.8,0,0.510517682088479,0.7175729019504,1,3.00687309695954,0.74494827613787,0.992848903231253,56.8,56.8,,,,
order,sourmash,60,0.347996333867552,0.459682194188566,0.629060884432137,62.4,0,0.459682194188566,0.691690510888909,1,3.11893951807899,0.787657040780113,0.98997775281899,52.6,52.6,,,,
order,sourmash,70,0.424637300929246,0.364182839226561,0.533819293475446,75.8,0,0.364182839226561,0.84138065851528,1,2.87596672403163,0.762652589880654,0.99403878941688,43.4,43.4,,,,
order,sourmash,80,0.427791479961575,0.324124693725335,0.489200330636431,85.6,0,0.324124693725335,0.847076421330639,1,3.03341356012093,0.816904387392296,0.992581908316627,41.2,41.2,,,,
order,sourmash,90,0.469496505836152,0.270784196070349,0.425602526392394,88.8,0,0.270784196070349,0.927442044751905,1,2.87293386572667,0.824513154147186,0.977872040870783,32.6,32.6,,,,
order,sourmash,100,0.515586297072629,0.213291547489288,0.350388899696484,98.6,0,0.213291547489288,1.01949486561179,1,2.59109741940221,0.792968277539245,0.978661571216873,26.4,26.4,,,,
order,Metabuli,0,0.256580148185049,0.807177869501059,0.395537247635378,18.6,218.4,0.246718730142056,0.502384213610792,0.262162162162162,3.07985771301325,0.541241328906364,0.95810387712878,296,77.6,,,,
order,Metabuli,10,0.26481413749255,0.793309873655459,0.405286759558496,21.2,215.2,0.2545813555794,0.519143673248282,0.272972972972973,3.05452273994496,0.536789066571858,0.960780877313842,296,80.8,,,,
order,Metabuli,20,0.291217361705104,0.784633450466416,0.416375175195334,23,212,0.263272759524074,0.569145501342249,0.283783783783784,3.13163423260524,0.550340318171911,0.955868572163318,296,84,,,,
order,Metabuli,30,0.266248158022723,0.782089259736823,0.427782415172823,24.4,208.8,0.272189468688325,0.520503977873452,0.294594594594595,3.15130573325234,0.553797305521303,0.957059273745113,296,87.2,,,,
order,Metabuli,40,0.276333710599976,0.777966679784862,0.429292404349071,25.8,208,0.273359979952628,0.539581717113697,0.297297297297297,3.19177986515022,0.560910060387276,0.953064879099651,296,88,,,,
order,Metabuli,50,0.329879334914573,0.765896161360763,0.418608341968555,26.2,210.6,0.265044633522727,0.642033547179915,0.288513513513514,3.18152739937445,0.559108334879764,0.947476881372013,296,85.4,,,,
order,Metabuli,60,0.328343372647764,0.764078350108908,0.425038665907697,27.6,208.6,0.270037755615115,0.636766468789548,0.29527027027027,3.22310009337701,0.566414146460959,0.941169754363217,296,87.4,,,,
order,Metabuli,70,0.321049969988557,0.732398388549189,0.419734941556633,32,208.8,0.265737311684062,0.619148760033959,0.294594594594595,3.22237371312834,0.566286495430387,0.941091591052538,296,87.2,,,,
order,Metabuli,80,0.329222147844695,0.72125833664746,0.431060553869371,35.6,204.8,0.274942410282369,0.631027970793058,0.308108108108108,3.34906875506568,0.588551352853597,0.929934165002258,296,91.2,,,,
order,Metabuli,90,0.349324780610767,0.705068785636244,0.408435829800822,36,210.6,0.256993606620707,0.671290238734101,0.288513513513514,3.3456928670379,0.58795808839379,0.924440266964625,296,85.4,,,,
order,Metabuli,100,0.338554548805272,0.704729513686317,0.417698768524314,37,208,0.26420963270642,0.652652096005063,0.297297297297297,3.31229763872447,0.58208935047284,0.929826692002962,296,88,,,,
order,sylph,0,0.00759796741491065,1,1,0,0,1,0.0151959348298213,1,3.46502563308672,0.759211532221082,1,96.2,96.2,,,,
order,sylph,10,0.0711966287880028,0.894228784468801,0.944063620589936,10.8,0,0.894228784468801,0.14235649558022,1,3.42094535289866,0.759211519222925,1,91.2,91.2,,,,
order,sylph,20,0.116472895026957,0.817486925575138,0.89935604799113,19.6,0,0.817486925575138,0.232833190513805,1,3.47500557743071,0.777901185417724,1,87.4,87.4,,,,
order,sylph,30,0.158682062272812,0.766985604514441,0.867573059140252,26,0,0.766985604514441,0.317082841017689,1,3.37296641825925,0.758458180529309,1,85.6,85.6,,,,
order,sylph,40,0.237844574946237,0.684228431501159,0.811965253424429,35.8,0,0.684228431501159,0.475646183017566,1,3.33579150461843,0.767228868179021,1,78,78,,,,
order,sylph,50,0.293704074993096,0.628826294976737,0.771960236918394,41.4,0,0.628826294976737,0.587110190211573,1,3.29628075793777,0.776058750075818,1,70.2,70.2,,,,
order,sylph,60,0.311819483370578,0.571152086124869,0.726956059169459,49.2,0,0.571152086124869,0.623093751570736,1,3.3162012590971,0.79324363049011,1,65.8,65.8,,,,
order,sylph,70,0.395389345195754,0.467862844470665,0.637271032431162,63.4,0,0.467862844470665,0.785766598061806,1,3.17906635771572,0.790860147155928,1,55.8,55.8,,,,
order,sylph,80,0.434235621318405,0.397264442550645,0.568302889888569,76.4,0,0.397264442550645,0.863372662626372,1,3.16574283322586,0.808523912418166,1,50.4,50.4,,,,
order,sylph,90,0.480808854104001,0.332013515815844,0.498054618192075,81.2,0,0.332013515815844,0.960469138621705,1,3.06221885912633,0.830422053730801,1,40.2,40.2,,,,
order,sylph,100,0.518512015412636,0.25342862162042,0.404044656601119,93.4,0,0.25342862162042,1.0359659662167,1,2.66850850238674,0.77440277465807,1,31.6,31.6,,,,
class,SingleM,0,0.0156669361848624,1,0.997701149425287,0,0.2,0.995454545454546,0.0312350498099165,0.995454545454546,2.35187467197914,0.605509554803045,0.993664450496324,48.8,48.6,,,,
class,SingleM,10,0.0133152580418626,0.990360046457607,0.98689209062577,0.4,0.8,0.974186972447842,0.0265269526895185,0.983594637953069,2.37113211974906,0.615190563709419,0.99226220905075,48,47.2,,,,
class,SingleM,20,0.0177249562153022,0.993103448275862,0.988542752807945,0.4,0.8,0.977479481107108,0.0352648929523306,0.984140200702707,2.48414759728281,0.633057138284517,0.989830780715173,50.8,50,,,,
class,SingleM,30,0.0161168766574069,0.996428571428571,0.99092340776516,0.2,0.8,0.982066751228793,0.03208388536497,0.985638179800222,2.45981487850792,0.616351871465082,0.991408287815599,54.2,53.4,,,,
class,SingleM,40,0.0167060332179941,0.992875157629256,0.987020916291144,0.4,1,0.97447317086379,0.0332512595213095,0.981347111207593,2.40266165558483,0.600800617889539,0.990028303927717,54.6,53.6,,,,
class,SingleM,50,0.0185780245188898,0.988327962764053,0.982697860075276,0.6,1.2,0.966263269711462,0.0369248132534343,0.977174058709456,2.54194032216059,0.637785420047292,0.987713014874823,54,52.8,,,,
class,SingleM,60,0.0193641149023462,0.974697003329634,0.978691484556663,1.4,1,0.95836190737448,0.0385070878862098,0.982809866761738,2.58473302615865,0.643158152113198,0.988539168752075,56,55,,,,
class,SingleM,70,0.0199148842702956,0.976507277594422,0.971298209706425,1.4,2,0.944360204906244,0.039509373664125,0.966244378145906,2.55473821509342,0.626807159653387,0.984147308540261,59,57,,,,
class,SingleM,80,0.017445881824343,0.973459484431555,0.972359733622783,1.6,1.8,0.946236942821789,0.0346617951416381,0.971533984533984,2.57421351984255,0.624911514521599,0.986805270096003,62,60.2,,,,
class,SingleM,90,0.0243615030768899,0.981636117484311,0.979233469476602,1.2,1.4,0.959402362923695,0.0483095367191822,0.976992004144556,2.52838429358674,0.614751413924577,0.982911969480168,61.4,60,,,,
class,SingleM,100,0.0267764593442847,0.980308835481249,0.975085944024727,1.2,1.8,0.951666568870925,0.0531464894306468,0.970069242165,2.53403571833717,0.620135710942599,0.984299847797895,59.6,57.8,,,,
class,MetaPhlAn,0,0.0818670602600119,0.704273887794713,0.826429315082919,14.4,0,0.704273887794713,0.163734120520024,1,2.19645503063314,0.622512304157254,1,34.2,34.2,,,,
class,MetaPhlAn,10,0.1108596570085,0.649251888160528,0.785586603113199,16.8,0,0.649251888160528,0.221719314017,1,2.19683004015132,0.64490531360032,1,30.8,30.8,,,,
class,MetaPhlAn,20,0.138870774219641,0.610091052512959,0.755529353886168,19.8,0,0.610091052512959,0.277741548439282,1,2.23753939632709,0.655744113288476,1,30.6,30.6,,,,
class,MetaPhlAn,30,0.178455030486233,0.56612315270936,0.721213659440815,23.4,0,0.56612315270936,0.356910060972467,1,2.1421490605803,0.629328792138591,1,30.2,30.2,,,,
class,MetaPhlAn,40,0.182697427304567,0.555367681264414,0.7125,23.8,0,0.555367681264414,0.365394854609133,1,2.15660583835944,0.634819659302278,1,30.2,30.2,,,,
class,MetaPhlAn,50,0.245656033318574,0.497775494637214,0.663828547999246,27,0,0.497775494637214,0.491312066637148,1,2.13348540927812,0.652202566919918,1,26.4,26.4,,,,
class,MetaPhlAn,60,0.24307643912053,0.469197188309286,0.637181783177996,29.8,0,0.469197188309286,0.486152878241061,1,2.17016633019869,0.664875620342738,1,26.6,26.6,,,,
class,MetaPhlAn,70,0.229374075329916,0.408994518088565,0.579905721089952,34.6,0,0.408994518088565,0.458748150659832,1,2.1018580785753,0.663699870797061,1,23.8,23.8,,,,
class,MetaPhlAn,80,0.326363251871974,0.356480939377531,0.524772401173409,39.6,0,0.356480939377531,0.652726503743948,1,2.15649536560993,0.699826685882166,1,22.2,22.2,,,,
class,MetaPhlAn,90,0.33558213141448,0.301374648025569,0.462427434283599,42.8,0,0.301374648025569,0.67116426282896,1,2.06584895330198,0.710929402514767,1,18.4,18.4,,,,
class,MetaPhlAn,100,0.322561338068408,0.269117124053603,0.42297887320452,43.2,0,0.269117124053603,0.645122676136817,1,1.78899867226219,0.649548848324204,1,15.8,15.8,,,,
class,Kraken2,0,0.121673956153396,0.991823112223613,0.742684156656626,0.4,33,0.593136443803111,0.243330157864153,0.596337311337311,2.22003524518206,0.505587292797711,0.999854000000001,81.2,48.2,,,,
class,Kraken2,10,0.150370699269438,0.958794757809421,0.573767125951646,2,67,0.406055188021337,0.300716632357089,0.413685807641331,2.18690822754047,0.463993828914238,0.999836000000002,112.6,45.6,,,,
class,Kraken2,20,0.15950875673919,0.968482533243182,0.518945708254924,1.6,90.2,0.35258862935137,0.318991604857858,0.356676352345813,2.25131400464275,0.456651666701308,0.999834000000002,139,48.8,,,,
class,Kraken2,30,0.134669833351531,0.958026525198939,0.486888303659661,2.2,106,0.322061245276067,0.26931033472716,0.326586763900311,2.22424236204391,0.439722043460405,0.999788000000002,157.4,51.4,,,,
class,Kraken2,40,0.141144517607366,0.970974508819729,0.431968345136461,1.6,138.2,0.277191091457059,0.28225912217923,0.279623845022437,2.22258367413369,0.424145731209128,0.999790000000002,190.6,52.4,,,,
class,Kraken2,50,0.209253911687703,0.945962633131643,0.394600308816977,2.8,151.6,0.245994258733659,0.41846405510086,0.249355469235991,2.23809808760945,0.421629882909338,0.999792000000003,202.2,50.6,,,,
class,Kraken2,60,0.203088668138632,0.970187199408065,0.404159796117803,1.6,159.2,0.253995165868903,0.406141546267452,0.255823837960186,2.29369982521049,0.427302651534377,0.999826000000003,214,54.8,,,,
class,Kraken2,70,0.209007662108626,0.938717195628326,0.375435274888477,3.6,179,0.23125086262598,0.417977271060955,0.234916858900877,2.21095177194868,0.405629131409701,0.999818000000003,233.8,54.8,,,,
class,Kraken2,80,0.216715218861179,0.967824310670648,0.381360027700779,2,191.6,0.236174404062648,0.433400041910709,0.238104374405318,2.30662334512029,0.417383883207846,0.999862000000003,251.4,59.8,,,,
class,Kraken2,90,0.201531299781587,0.950314464998865,0.365952168191944,3,198.2,0.224274785359886,0.40302966301592,0.226866795825732,2.27454514855869,0.41009710048283,0.999836000000003,256.4,58.2,,,,
class,Kraken2,100,0.217461975375506,0.945733988401865,0.349761434314505,3.2,204.2,0.212179887811468,0.43488448172625,0.214794869616414,2.23518277312187,0.402002017029965,0.999816000000003,260,55.8,,,,
class,sourmash,0,0.130048767704639,0.779013535976819,0.874590655533429,10.6,0,0.779013535976819,0.259906217144307,1,2.21266221219025,0.609868459223918,0.998228443194955,38,38,,,,
class,sourmash,10,0.162865543944328,0.726792823233744,0.839320078986919,13.4,0,0.726792823233744,0.325642445854268,1,2.15995275578279,0.613287524111609,0.999029348363262,34.2,34.2,,,,
class,sourmash,20,0.184158675930592,0.618442303358125,0.763359053215331,19.4,0,0.618442303358125,0.36794792122071,1,2.21538805538241,0.645317952803791,0.997877490735844,31,31,,,,
class,sourmash,30,0.15470479819228,0.610964380447139,0.755952233983372,21,0,0.610964380447139,0.309534813412271,1,2.17948323604379,0.626597062050855,1.00068165172208,32.6,32.6,,,,
class,sourmash,40,0.198226193883567,0.56682746328185,0.722069812044496,23.4,0,0.56682746328185,0.396640382380816,1,2.09653762823552,0.614272392810292,0.999980782527249,30.6,30.6,,,,
class,sourmash,50,0.28308218063463,0.463092833213788,0.630548880916078,28.8,0,0.463092833213788,0.564430288374402,1,1.99623377511946,0.623500728038367,0.994325284887193,24.6,24.6,,,,
class,sourmash,60,0.266261593819722,0.467206067332593,0.635626203278377,30,0,0.467206067332593,0.531625064216426,1,2.13124596515758,0.65346792384818,0.996665532079165,26.4,26.4,,,,
class,sourmash,70,0.288631730448341,0.336851441786731,0.503249778149512,38.8,0,0.336851441786731,0.576420167714437,1,1.93885376153545,0.652076920701642,0.997257633809358,19.6,19.6,,,,
class,sourmash,80,0.301377581590653,0.302590038117337,0.463527716307407,43,0,0.302590038117337,0.602317296122734,1,2.05716079673622,0.706172993948201,0.997909716369705,18.8,18.8,,,,
class,sourmash,90,0.309281542528554,0.240153910213547,0.386874395465155,46.6,0,0.240153910213547,0.613103984890122,1,1.93805859344881,0.722823179748967,0.983001047843483,14.6,14.6,,,,
class,sourmash,100,0.361618366459745,0.195141249152138,0.325339258366599,47.6,0,0.195141249152138,0.721115389304527,1,1.72525028174641,0.714268182113218,0.993292908746761,11.4,11.4,,,,
class,Metabuli,0,0.20167588870438,0.820314085005051,0.469000720965554,8.8,81.2,0.306639118194296,0.397779510097379,0.328925619834711,1.99473024190215,0.41593356151336,0.972557117599318,121,39.8,,,,
class,Metabuli,10,0.208322879705448,0.805817653504836,0.453652926677409,9.2,82.6,0.2950729934454,0.411191106237838,0.317355371900826,1.97477070265111,0.411771674320567,0.973831008793864,121,38.4,,,,
class,Metabuli,20,0.224150141060229,0.856650214108632,0.503209940261184,7.2,77.8,0.337391789385106,0.441910793615051,0.35702479338843,2.03176858159521,0.423656655201649,0.972042224667141,121,43.2,,,,
class,Metabuli,30,0.196116475909566,0.806073512694202,0.494558419730815,10.4,77.8,0.328906944298335,0.386656229530979,0.35702479338843,2.01415062836189,0.419983026617205,0.972358923174008,121,43.2,,,,
class,Metabuli,40,0.18948866299303,0.830198373058825,0.509494829258082,9.4,76.4,0.341887904687905,0.373464686070414,0.368595041322314,2.04148975862618,0.425683678053991,0.97113948251878,121,44.6,,,,
class,Metabuli,50,0.24538227688865,0.825032181504885,0.503440328774919,9.4,77,0.337077262206456,0.482791812851601,0.363636363636364,2.09843898917049,0.437558514955824,0.967702310637975,121,44,,,,
class,Metabuli,60,0.250573327957589,0.799527931927488,0.506129429225278,11.4,76,0.33954563350536,0.491719217018034,0.371900826446281,2.10508719671364,0.438944773901026,0.962458659901533,121,45,,,,
class,Metabuli,70,0.229119040117201,0.788674622600421,0.512493072832689,12.4,75,0.344693237745728,0.45053651681728,0.380165289256198,2.13429656440301,0.445035400130771,0.96638949438154,121,46,,,,
class,Metabuli,80,0.233623783561596,0.783113204716331,0.528173361813028,13.4,72.6,0.359846392561928,0.458146051405973,0.4,2.18833575838335,0.4563034472789,0.961029024894746,121,48.4,,,,
class,Metabuli,90,0.225434473093751,0.789344944144188,0.528141845860836,13,72.8,0.359578860504719,0.441084479198185,0.398347107438017,2.18288165021345,0.455166177392311,0.95647578287894,121,48.2,,,,
class,Metabuli,100,0.244592794343401,0.791835780674256,0.517692910223982,12.4,74.4,0.349554117982179,0.478943798334097,0.385123966942149,2.12696115372436,0.443505848202072,0.958257827885644,121,46.6,,,,
class,sylph,0,0.00473437869435476,1,1,0,0,1,0.00946875738870951,1,2.38485395562999,0.614689282853036,1,48.6,48.6,,,,
class,sylph,10,0.0527534211824664,0.898502062530952,0.946012000869144,4.8,0,0.898502062530952,0.105506842364933,1,2.3344986527154,0.624634518332743,1,42.8,42.8,,,,
class,sylph,20,0.0823745521493818,0.80869416272256,0.893680613117984,9.8,0,0.80869416272256,0.164749104298764,1,2.39857421932309,0.647982971906664,1,40.6,40.6,,,,
class,sylph,30,0.122260472237291,0.75854604016673,0.861691829503732,13,0,0.75854604016673,0.244520944474582,1,2.30710255672716,0.623461960817431,1,40.6,40.6,,,,
class,sylph,40,0.158574005705475,0.6978919692168,0.8196475629439,16.2,0,0.6978919692168,0.31714801141095,1,2.24122940090441,0.619241246208555,1,37.8,37.8,,,,
class,sylph,50,0.22638329935348,0.600483271405141,0.749208774672048,21.4,0,0.600483271405141,0.45276659870696,1,2.21761820499281,0.640824560972677,1,32,32,,,,
class,sylph,60,0.230299399328555,0.575485756566778,0.729336330872135,23.8,0,0.575485756566778,0.460598798657111,1,2.29217090528624,0.660266298362761,1,32.6,32.6,,,,
class,sylph,70,0.223280467236832,0.419110214554563,0.588643549895224,34,0,0.419110214554563,0.446560934473665,1,2.17326023850093,0.683179573610068,1,24.4,24.4,,,,
class,sylph,80,0.298810989066519,0.367340556380009,0.53664458508528,39,0,0.367340556380009,0.597621978133038,1,2.19853250376443,0.706037447794462,1,22.8,22.8,,,,
class,sylph,90,0.33428857555129,0.304499648025569,0.466378051567549,42.6,0,0.304499648025569,0.66857715110258,1,2.15469430838636,0.738787524796963,1,18.6,18.6,,,,
class,sylph,100,0.375245737190724,0.225230893325267,0.366318006318006,45.8,0,0.225230893325267,0.750491474381447,1,1.78689067390261,0.698467804558397,1,13.2,13.2,,,,
phylum,SingleM,0,0.0141297533041759,1,0.993840322198531,0,0.4,0.987867647058824,0.0282071121107926,0.987867647058824,1.99967998617785,0.571617012392903,0.996123518702681,33.4,33,,,,
phylum,SingleM,10,0.0115716538503524,0.993103448275862,0.978054450280882,0.2,1.2,0.957610614138128,0.0230899036357018,0.963632119514473,2.03685799726445,0.580624831014885,0.995509735551328,33.6,32.4,,,,
phylum,SingleM,20,0.0152237903473168,1,0.987267184354328,0,0.8,0.974937064574674,0.0303419139139062,0.974937064574674,2.05891149574804,0.590850049586291,0.993483501105578,32.8,32,,,,
phylum,SingleM,30,0.0149443150290359,1,0.988960876369327,0,0.8,0.978370475738897,0.0298167887634564,0.978370475738897,2.09669885091994,0.587397182847156,0.995713966649193,35.6,34.8,,,,
phylum,SingleM,40,0.0133463342734617,1,0.988087019338851,0,0.8,0.976527777777778,0.026623235011853,0.976527777777778,2.07130631947814,0.583335794020403,0.99462781981721,35,34.2,,,,
phylum,SingleM,50,0.0143314924603015,1,0.982572081279917,0,1.2,0.965809756119354,0.0285721080838028,0.965809756119354,2.14571087144787,0.602357483449764,0.993592486383005,35.2,34,,,,
phylum,SingleM,60,0.0177573979204974,0.99375,0.979278633886843,0.2,1.2,0.959507118698295,0.0354065083514927,0.965378330819507,2.19800989766411,0.620634250313542,0.993534008240427,34.6,33.4,,,,
phylum,SingleM,70,0.0159331426356613,1,0.966882363594693,0,2.4,0.93620595708831,0.0317329601649027,0.93620595708831,2.18674633002244,0.605444674566407,0.991823527358129,37.2,34.8,,,,
phylum,SingleM,80,0.0132577059901125,1,0.978738020304725,0,1.6,0.958470202191132,0.026433550399712,0.958470202191132,2.12711081160639,0.579943048785949,0.993650484125199,39.4,37.8,,,,
phylum,SingleM,90,0.0206317119193206,1,0.977335714132312,0,1.6,0.955805501687855,0.0410706419081488,0.955805501687855,2.1399641876903,0.592345758826374,0.990247852628927,37.2,35.6,,,,
phylum,SingleM,100,0.0219152036824517,1,0.970888546774623,0,2.2,0.943461818686466,0.0436556768050317,0.943461818686466,2.18536793163343,0.597432773810684,0.991637610478069,38.8,36.6,,,,
phylum,MetaPhlAn,0,0.065147375300853,0.749749890450669,0.85609769808438,8.4,0,0.749749890450669,0.130294750601706,1,1.86897455772914,0.584304279167706,1,24.6,24.6,,,,
phylum,MetaPhlAn,10,0.0981713575759517,0.740847953601503,0.850057471264368,8.4,0,0.740847953601503,0.196342715151903,1,1.90830230891032,0.602389835116515,1,24.2,24.2,,,,
phylum,MetaPhlAn,20,0.113226171410121,0.668133848133848,0.799391197038256,10.8,0,0.668133848133848,0.226452342820242,1,1.89067031539094,0.619406175204731,1,21.2,21.2,,,,
phylum,MetaPhlAn,30,0.138542633506964,0.632296574649516,0.774176623874639,12.8,0,0.632296574649516,0.277085267013928,1,1.86665427526294,0.604801432087264,1,22,22,,,,
phylum,MetaPhlAn,40,0.161381847805039,0.654694433826803,0.790941593615375,11.8,0,0.654694433826803,0.322763695610078,1,1.89034714794471,0.608513301125599,1,22.4,22.4,,,,
phylum,MetaPhlAn,50,0.200577661717665,0.593918041418041,0.74325739106067,13.8,0,0.593918041418041,0.401155323435331,1,1.82719460635862,0.609992396748339,1,20.2,20.2,,,,
phylum,MetaPhlAn,60,0.20531455077587,0.559817275420741,0.714826496083067,14.8,0,0.559817275420741,0.41062910155174,1,1.83975522840739,0.628174142704093,1,18.8,18.8,,,,
phylum,MetaPhlAn,70,0.185727632264741,0.517356064047241,0.681277674706246,16.8,0,0.517356064047241,0.371455264529482,1,1.77679977563731,0.616647264728627,1,18,18,,,,
phylum,MetaPhlAn,80,0.263526575017478,0.447866559786308,0.618015861342493,20.8,0,0.447866559786308,0.527053150034956,1,1.83114506088177,0.647896028381174,1,17,17,,,,
phylum,MetaPhlAn,90,0.251317419190601,0.404443270773124,0.575791716078265,21.2,0,0.404443270773124,0.502634838381202,1,1.85297051715093,0.695750061907598,1,14.4,14.4,,,,
phylum,MetaPhlAn,100,0.281803051211919,0.338627337574706,0.504892536724835,24.2,0,0.338627337574706,0.563606102423839,1,1.58196517119021,0.629728453824066,1,12.4,12.4,,,,
phylum,Kraken2,0,0.11226382730024,1,0.8146384837596,0,14.8,0.68919806763285,0.224524051268903,0.68919806763285,1.83442044963519,0.474629287898739,0.99997,47.8,33,,,,
phylum,Kraken2,10,0.132471478937602,0.987221095334686,0.713265617278296,0.4,25.8,0.55872788507553,0.264934188224291,0.562061949544708,1.82563752122537,0.449574309571546,0.999938,58,32.2,,,,
phylum,Kraken2,20,0.13603971338304,0.994285714285714,0.645366998337643,0.2,35,0.479771698841543,0.27206744316443,0.481264236154976,1.828637853727,0.435577914407558,0.999914,66.8,31.8,,,,
phylum,Kraken2,30,0.124449524622115,1,0.642274071814717,0,38.8,0.473584043129825,0.248888381270994,0.473584043129825,1.83438518161434,0.426734548184435,0.999916000000001,73.6,34.8,,,,
phylum,Kraken2,40,0.123522176582576,1,0.56459521959522,0,53.4,0.396217296762577,0.247034480858591,0.396217296762577,1.85747943748155,0.416638497345982,0.999926000000001,87.6,34.2,,,,
phylum,Kraken2,50,0.190735368901334,0.987689393939394,0.53800322305813,0.4,57.4,0.368109689986585,0.381452514822856,0.369815870891549,1.80226915335175,0.399869634912211,0.999904000000001,91,33.6,,,,
phylum,Kraken2,60,0.178865888094092,1,0.51497229578707,0,63.4,0.347693064182195,0.357718320796255,0.347693064182195,1.88965319642121,0.412923692379317,0.999926000000001,97,33.6,,,,
phylum,Kraken2,70,0.187922507517583,1,0.512617941669037,0,66.6,0.345536231884058,0.375826354953604,0.345536231884058,1.80857016608463,0.391878259581851,0.999902000000001,101.4,34.8,,,,
phylum,Kraken2,80,0.184284978375915,1,0.514999723288621,0,70.8,0.347977850607268,0.368550242337982,0.347977850607268,1.84553652350923,0.393699031678334,0.999892000000001,108.6,37.8,,,,
phylum,Kraken2,90,0.184411377102473,0.994117647058824,0.48000247365526,0.2,76.6,0.316664174785179,0.368807351676226,0.317103998855551,1.84776489074256,0.391707504911503,0.999914000000001,112,35.4,,,,
phylum,Kraken2,100,0.198199217450427,1,0.480612512332542,0,79.2,0.316593031680092,0.396387375525524,0.316593031680092,1.84722319251349,0.38891217786939,0.999942000000001,115.8,36.6,,,,
phylum,sourmash,0,0.119082264268326,0.797440674823878,0.885350313888439,6.8,0,0.797440674823878,0.23797552028632,1,1.82260121714433,0.559226453371588,0.998217752340109,26.2,26.2,,,,
phylum,sourmash,10,0.145125398756043,0.805130495771977,0.891709804649755,6.4,0,0.805130495771977,0.290273013352188,1,1.8050328425185,0.553562246212447,1.000033697389,26.2,26.2,,,,
phylum,sourmash,20,0.141122792990375,0.638442728442729,0.778692266308433,11.6,0,0.638442728442729,0.281908706450768,1,1.82114614498438,0.605038306117978,0.997552493349057,20.4,20.4,,,,
phylum,sourmash,30,0.135946641393643,0.671641373994315,0.802749720512851,11.4,0,0.671641373994315,0.271994192640412,1,1.81264828415386,0.576029777865461,1.00060268597917,23.4,23.4,,,,
phylum,sourmash,40,0.154716257059465,0.679501546064394,0.80776226522888,11,0,0.679501546064394,0.309551815683258,1,1.79551399293136,0.57316035287624,1.00027055537495,23.2,23.2,,,,
phylum,sourmash,50,0.244915870945773,0.571339505089505,0.725402533148606,14.6,0,0.571339505089505,0.488564282688106,1,1.58999604747214,0.535578618322043,0.995303279997217,19.4,19.4,,,,
phylum,sourmash,60,0.224960848190615,0.582692991535247,0.73554694485842,14,0,0.582692991535247,0.449790117760774,1,1.78521383547608,0.600913108369702,0.999447513812155,19.6,19.6,,,,
phylum,sourmash,70,0.265013198241215,0.442697971080324,0.613359116600512,19.4,0,0.442697971080324,0.529947175852151,1,1.56102166124967,0.572269471814803,1.00001554497723,15.4,15.4,,,,
phylum,sourmash,80,0.262048179601274,0.386116378877984,0.554977088110347,23.2,0,0.386116378877984,0.523126198242965,1,1.62675891119988,0.612420978231119,0.996298208207085,14.6,14.6,,,,
phylum,sourmash,90,0.249009308386504,0.33805721261547,0.503914925654056,23.6,0,0.33805721261547,0.494512551389519,1,1.63394736026744,0.661078567498128,0.986297503025239,12,12,,,,
phylum,sourmash,100,0.318827718340771,0.273936122357175,0.427242232412826,26.6,0,0.273936122357175,0.636495945360244,1,1.44945665280835,0.640802736561155,0.995652173913043,10,10,,,,
phylum,Metabuli,0,0.184570816084301,0.832596024201975,0.607772663586833,5.6,29.6,0.437547559966915,0.364768915090838,0.480701754385965,1.62379719285387,0.401626663943732,0.976541335944774,57,27.4,,,,
phylum,Metabuli,10,0.185043063756846,0.863995723681322,0.628613566922834,4.4,28.8,0.459652741054116,0.365982530437845,0.494736842105263,1.62794133608033,0.402651667821232,0.977856835914577,57,28.2,,,,
phylum,Metabuli,20,0.194387089539247,0.883449163449163,0.632636097470664,3.8,28.8,0.463381494859683,0.384063723348097,0.494736842105263,1.64495038441261,0.406858650915313,0.976478479226131,57,28.2,,,,
phylum,Metabuli,30,0.1796320137901,0.827890212596095,0.627314237823026,6,28.2,0.458144039549381,0.354935273732635,0.505263157894737,1.64017332505769,0.405677102862007,0.976637171126132,57,28.8,,,,
phylum,Metabuli,40,0.165979645741483,0.858370942909319,0.639825010968494,5,27.8,0.470621521238449,0.327873677422889,0.512280701754386,1.69284947449572,0.418705913517245,0.975464753107548,57,29.2,,,,
phylum,Metabuli,50,0.223956726654947,0.85895241020241,0.641383261672216,4.8,27.8,0.473185104185651,0.441716564669752,0.512280701754386,1.67358053192418,0.413939972821702,0.972477424042866,57,29.2,,,,
phylum,Metabuli,60,0.220351085758431,0.834595366932079,0.617694670793429,5.6,29,0.448146354587033,0.43383799885361,0.491228070175439,1.72958054603659,0.427790901341438,0.968996723523907,57,28,,,,
phylum,Metabuli,70,0.198603677035568,0.828139809978045,0.627248755367377,6,28.2,0.457579982924708,0.391604808399863,0.505263157894737,1.76266804252473,0.435974694792532,0.971727588460714,57,28.8,,,,
phylum,Metabuli,80,0.194198126629551,0.830606241031103,0.660183814383848,6.4,25.6,0.494734062980031,0.382133883805637,0.550877192982456,1.75701638442539,0.434576825281379,0.967606420130063,57,31.4,,,,
phylum,Metabuli,90,0.200082554844706,0.860894820934559,0.659928089144952,5,26.4,0.493443221021883,0.393227655431997,0.536842105263158,1.78302104382482,0.441008764348368,0.965572571639928,57,30.6,,,,
phylum,Metabuli,100,0.221441783391877,0.826504080714607,0.645425247902365,6.4,26.8,0.477898055509996,0.435302434099119,0.529824561403509,1.7625713792343,0.435950786292733,0.965843071443395,57,30.2,,,,
phylum,sylph,0,0.00401975697482472,1,1,0,0,1,0.00803951394964944,1,2.02437783008154,0.580599363775044,1,33,33,,,,
phylum,sylph,10,0.0477271783083643,0.913360126182134,0.954304954304954,2.8,0,0.913360126182134,0.0954543566167287,1,1.98798826182578,0.587708178495457,1,29.8,29.8,,,,
phylum,sylph,20,0.0600109175763016,0.820566280566281,0.900963924963925,5.8,0,0.820566280566281,0.120021835152603,1,1.99915551707782,0.613045213978534,1,26.2,26.2,,,,
phylum,sylph,30,0.0956715217850394,0.780894018541078,0.876557788308035,7.6,0,0.780894018541078,0.191343043570079,1,1.96523364293106,0.595927090529203,1,27.2,27.2,,,,
phylum,sylph,40,0.120548724910427,0.770420453090086,0.86996366475055,7.8,0,0.770420453090086,0.241097449820854,1,1.95043469869999,0.597436520489862,1,26.4,26.4,,,,
phylum,sylph,50,0.184492835208599,0.699426260676261,0.821358634428863,10.2,0,0.699426260676261,0.368985670417197,1,1.84049731892054,0.581619320477204,1,23.8,23.8,,,,
phylum,sylph,60,0.187078910150186,0.673542481894749,0.803439800939801,11,0,0.673542481894749,0.374157820300371,1,1.93808383682912,0.621809617849881,1,22.6,22.6,,,,
phylum,sylph,70,0.177344087799519,0.520904213036566,0.682594429766137,16.6,0,0.520904213036566,0.354688175599038,1,1.82637681038512,0.635841244955129,1,18.2,18.2,,,,
phylum,sylph,80,0.231317291915796,0.459990553460262,0.628549218115008,20.4,0,0.459990553460262,0.462634583831593,1,1.82925076783281,0.644202723219076,1,17.4,17.4,,,,
phylum,sylph,90,0.225733698694099,0.391496007610653,0.561618257069099,21.6,0,0.391496007610653,0.451467397388198,1,1.8802259001004,0.717350601481277,1,14,14,,,,
phylum,sylph,100,0.282255086364116,0.279785360837992,0.435538287593792,26.4,0,0.279785360837992,0.564510172728232,1,1.56647413914195,0.681038030231736,1,10.2,10.2,,,,
kingdom,SingleM,0,0.00235972087957241,1,1,0,0,1,0.00471944175914481,1,,,,,2,,,,
kingdom,SingleM,10,0.00272974804010497,1,1,0,0,1,0.00545949608020993,1,,,,,2,,,,
kingdom,SingleM,20,0.00243830886285653,1,1,0,0,1,0.00487661772571306,1,,,,,2,,,,
kingdom,SingleM,30,0.00460876157465009,1,1,0,0,1,0.00921752314930017,1,,,,,2,,,,
kingdom,SingleM,40,0.00347869504113028,1,1,0,0,1,0.00695739008226057,1,,,,,2,,,,
kingdom,SingleM,50,0.00383650284936017,1,1,0,0,1,0.00767300569872034,1,,,,,2,,,,
kingdom,SingleM,60,0.0056631322566078,1,1,0,0,1,0.0113262645132156,1,,,,,2,,,,
kingdom,SingleM,70,0.00606411095998459,1,1,0,0,1,0.0121282219199692,1,,,,,2,,,,
kingdom,SingleM,80,0.00489832989663195,1,1,0,0,1,0.0097966597932639,1,,,,,2,,,,
kingdom,SingleM,90,0.0065364648563516,1,1,0,0,1,0.0130729297127032,1,,,,,2,,,,
kingdom,SingleM,100,0.00656931074266997,1,1,0,0,1,0.0131386214853399,1,,,,,2,,,,
kingdom,MetaPhlAn,0,0.00241755256914622,1,1,0,0,1,0.00483510513829243,1,,,,,2,,,,
kingdom,MetaPhlAn,10,0.00313577701779856,1,1,0,0,1,0.00627155403559711,1,,,,,2,,,,
kingdom,MetaPhlAn,20,0.0106012693483717,1,1,0,0,1,0.0212025386967434,1,,,,,2,,,,
kingdom,MetaPhlAn,30,0.015207832880558,1,1,0,0,1,0.030415665761116,1,,,,,2,,,,
kingdom,MetaPhlAn,40,0.00601281173380936,1,1,0,0,1,0.0120256234676187,1,,,,,2,,,,
kingdom,MetaPhlAn,50,0.00408058359455411,1,1,0,0,1,0.00816116718910822,1,,,,,2,,,,
kingdom,MetaPhlAn,60,0.0272067342353602,1,1,0,0,1,0.0544134684707203,1,,,,,2,,,,
kingdom,MetaPhlAn,70,0.018791272381394,1,1,0,0,1,0.037582544762788,1,,,,,2,,,,
kingdom,MetaPhlAn,80,0.0152445193214779,1,1,0,0,1,0.0304890386429558,1,,,,,2,,,,
kingdom,MetaPhlAn,90,0.015600164762679,1,1,0,0,1,0.031200329525358,1,,,,,2,,,,
kingdom,MetaPhlAn,100,0.0122564781637135,1,1,0,0,1,0.024512956327427,1,,,,,2,,,,
kingdom,Kraken2,0,0.00295975471751854,1,1,0,0,1,0.00591950943503709,1,,,,,2,,,,
kingdom,Kraken2,10,0.00560692081847866,1,1,0,0,1,0.0112138416369573,1,,,,,2,,,,
kingdom,Kraken2,20,0.00785963234758629,1,1,0,0,1,0.0157192646951726,1,,,,,2,,,,
kingdom,Kraken2,30,0.0194336973217911,1,1,0,0,1,0.0388673946435821,1,,,,,2,,,,
kingdom,Kraken2,40,0.0101731059260736,1,1,0,0,1,0.0203462118521472,1,,,,,2,,,,
kingdom,Kraken2,50,0.0127182308665595,1,1,0,0,1,0.0254364617331189,1,,,,,2,,,,
kingdom,Kraken2,60,0.0137899899123501,1,1,0,0,1,0.0275799798247002,1,,,,,2,,,,
kingdom,Kraken2,70,0.0139972044841496,1,1,0,0,1,0.0279944089682993,1,,,,,2,,,,
kingdom,Kraken2,80,0.00937210234231233,1,1,0,0,1,0.0187442046846247,1,,,,,2,,,,
kingdom,Kraken2,90,0.00718399313536005,1,1,0,0,1,0.0143679862707201,1,,,,,2,,,,
kingdom,Kraken2,100,0.0070974820964424,1,1,0,0,1,0.0141949641928848,1,,,,,2,,,,
kingdom,sourmash,0,0.0046484918045419,1,1,0,0,1,0.0092969836090838,1,,,,,2,,,,
kingdom,sourmash,10,0.00573954995599565,1,1,0,0,1,0.0114790999119913,1,,,,,2,,,,
kingdom,sourmash,20,0.00745038161099629,1,1,0,0,1,0.0149007632219926,1,,,,,2,,,,
kingdom,sourmash,30,0.0206361872666697,1,1,0,0,1,0.0412723745333393,1,,,,,2,,,,
kingdom,sourmash,40,0.0122083442943744,1,1,0,0,1,0.0244166885887488,1,,,,,2,,,,
kingdom,sourmash,50,0.0169278352247092,1,1,0,0,1,0.0338556704494183,1,,,,,2,,,,
kingdom,sourmash,60,0.0173738938572139,1,1,0,0,1,0.0347477877144278,1,,,,,2,,,,
kingdom,sourmash,70,0.0221277190094356,1,1,0,0,1,0.0442554380188713,1,,,,,2,,,,
kingdom,sourmash,80,0.0184903155619285,0.7,0.8,0.6,0,0.7,0.0369806311238571,1,,,,,1.4,,,,
kingdom,sourmash,90,0.0154446856060742,1,1,0,0,1,0.0308893712121484,1,,,,,2,,,,
kingdom,sourmash,100,0.0152913608843212,0.7,0.8,0.6,0,0.7,0.0305827217686423,1,,,,,1.4,,,,
kingdom,Metabuli,0,0.00271893865772696,1,1,0,0,1,0.00543787731545391,1,,,,,2,,,,
kingdom,Metabuli,10,0.00679040186242725,1,1,0,0,1,0.0135808037248545,1,,,,,2,,,,
kingdom,Metabuli,20,0.00968550911869382,1,1,0,0,1,0.0193710182373877,1,,,,,2,,,,
kingdom,Metabuli,30,0.0175885051649523,1,1,0,0,1,0.0351770103299047,1,,,,,2,,,,
kingdom,Metabuli,40,0.00880524026814862,1,1,0,0,1,0.0176104805362972,1,,,,,2,,,,
kingdom,Metabuli,50,0.0110383178911568,1,1,0,0,1,0.0220766357823135,1,,,,,2,,,,
kingdom,Metabuli,60,0.0126499835242259,1,1,0,0,1,0.0252999670484518,1,,,,,2,,,,
kingdom,Metabuli,70,0.01045800843326,1,1,0,0,1,0.02091601686652,1,,,,,2,,,,
kingdom,Metabuli,80,0.00651086094574823,1,1,0,0,1,0.0130217218914965,1,,,,,2,,,,
kingdom,Metabuli,90,0.00469898772386878,1,1,0,0,1,0.00939797544773755,1,,,,,2,,,,
kingdom,Metabuli,100,0.00394804512889964,1,1,0,0,1,0.00789609025779928,1,,,,,2,,,,
kingdom,sylph,0,0.000152634887004383,1,1,0,0,1,0.000305269774008767,1,,,,,2,,,,
kingdom,sylph,10,0.00151387902283391,1,1,0,0,1,0.00302775804566782,1,,,,,2,,,,
kingdom,sylph,20,0.00365905928566935,1,1,0,0,1,0.0073181185713387,1,,,,,2,,,,
kingdom,sylph,30,0.015729086413818,1,1,0,0,1,0.0314581728276359,1,,,,,2,,,,
kingdom,sylph,40,0.00713635204668136,1,1,0,0,1,0.0142727040933627,1,,,,,2,,,,
kingdom,sylph,50,0.014497904051928,1,1,0,0,1,0.0289958081038561,1,,,,,2,,,,
kingdom,sylph,60,0.0241198427839602,1,1,0,0,1,0.0482396855679205,1,,,,,2,,,,
kingdom,sylph,70,0.0189896019620748,1,1,0,0,1,0.0379792039241496,1,,,,,2,,,,
kingdom,sylph,80,0.0167525039660926,0.9,0.933333333333333,0.2,0,0.9,0.0335050079321852,1,,,,,1.8,,,,
kingdom,sylph,90,0.0179851615597435,0.8,0.866666666666667,0.4,0,0.8,0.035970323119487,1,,,,,1.6,,,,
kingdom,sylph,100,0.0185034820964424,0.5,0.666666666666667,1,0,0.5,0.0370069641928848,1,,,,,1,,,,
